-- phpMyAdmin SQL Dump
-- version 4.5.1
-- http://www.phpmyadmin.net
--
-- Host: 127.0.0.1
-- Generation Time: Jun 08, 2016 at 07:08 AM
-- Server version: 10.1.13-MariaDB
-- PHP Version: 7.0.5

SET SQL_MODE = "NO_AUTO_VALUE_ON_ZERO";
SET time_zone = "+00:00";


/*!40101 SET @OLD_CHARACTER_SET_CLIENT=@@CHARACTER_SET_CLIENT */;
/*!40101 SET @OLD_CHARACTER_SET_RESULTS=@@CHARACTER_SET_RESULTS */;
/*!40101 SET @OLD_COLLATION_CONNECTION=@@COLLATION_CONNECTION */;
/*!40101 SET NAMES utf8mb4 */;

--
-- Database: `final_explore`
--

-- --------------------------------------------------------

--
-- Table structure for table `distance`
--

CREATE TABLE `distance` (
  `SEQ_ID` int(11) NOT NULL,
  `SRC_ID` int(11) NOT NULL,
  `DEST_ID` int(11) NOT NULL,
  `DIST` int(11) NOT NULL,
  `MAP_IMAGE` text NOT NULL
) ENGINE=InnoDB DEFAULT CHARSET=latin1;

-- --------------------------------------------------------

--
-- Table structure for table `district`
--

CREATE TABLE `district` (
  `D_ID` int(11) NOT NULL,
  `D_NAME` text NOT NULL,
  `D_DESC` longtext NOT NULL,
  `D_MAP` text NOT NULL,
  `D_TRANS` longtext NOT NULL
) ENGINE=InnoDB DEFAULT CHARSET=latin1;

--
-- Dumping data for table `district`
--

INSERT INTO `district` (`D_ID`, `D_NAME`, `D_DESC`, `D_MAP`, `D_TRANS`) VALUES
(1, 'Cox''s Bazar', 'Cox''s Bazar is a seaside town, a fishing port and district headquarters in Bangladesh. It is known for its wide and long sandy beach, which is considered by many as the world''s longest natural sandy sea beach. The beach in Cox''s Bazar is an unbroken 125 kilometres (78 mi) sandy sea beach with a gentle slope. It is located 152 kilometres (94 mi) south of the Chittagong Seaport. Cox''s Bazar is also known by the name Panowa, whose literal translation means "yellow flower". Its other old name was "Palongkee".', 'https://www.google.com/maps/d/viewer?hl=en_US&mid=1RN8B5gUpFpIrKBdLUJFWEVkEd6A', ''),
(2, 'Bandarban', 'Bandarban is a district in South-Eastern Bangladesh, and a part of the Chittagong Division and Chittagong Hill Tracts. Bandarban is regarded as one of the most attractive travel destinations in Bangladesh. Bandarban (meaning the dam of monkeys), or in Marma or Arakanese language as "Rwa-daw Mro" is also known as Arvumi or the Bohmong Circle (of the rest of the three hill districts Rangamati is the Chakma Circle, Raja Devasish Roy and Khagrachari is the Mong Circle, Raja Sachingprue Marma). Bandarban town is the home town of the Bohmong Chief (currently King, or Raja, U Cho Prue Marma) who is the head of the Marma population. It also is the administrative headquarters of Bandarban district, which has turned into one of the most exotic tourist attractions in Bangladesh.', 'https://www.google.com/maps/d/viewer?hl=en_US&mid=1irPG9PWGFXmwP0Zv4Ydnno1shJ8', ''),
(3, 'Khagrachari', 'Khagrachari is a district in south-eastern Bangladesh. It is a part of the Chittagong Division and the Chittagong Hill Tracts. Its local name is "Chengmi". Khagrachari is also known as Phalang Htaung or the Mong Circle (of the rest of the three hill districts Rangamati is the Chakma Circle and Bandarban is the Bohmong Circle). There are many tourist places in Khagrachari like Alutila Cave, Alutila Tourists spot, Richhang waterfall,Yonged Buddha Bihar, Dighinala Touduchhori Waterfall and others.', 'https://www.google.com/maps/search/khagrachari+google+map/@23.1004134,91.0531355,9z/data=!3m1!4b1', ''),
(4, 'Dhaka', 'Dhaka Division is an administrative division in Bangladesh. Dhaka ( formerly "Dacca") is the largest and capital city of Bangladesh. This city is very popular for its historical and architectural sites. ', 'https://www.google.com/maps/search/DHAKA+google+map/@23.7776129,90.3245917,12z/data=!3m1!4b1', ''),
(5, 'Naogaon', 'Naogaon is a district in northern Bangladesh. It is a part of the Rajshahi Division. Naogaon is a city of the same name in the district.', 'https://www.google.com/maps/place/Natore+Royal+Palace/@24.4201156,88.9889992,17z/data=!3m1!4b1!4m5!3m4!1s0x39fc11637db366d7:0x1f6c86e1994c6d3!8m2!3d24.4201156!4d88.9911879', ''),
(6, 'Bogra', 'Bogra is a city of Bogra District, Rajshahi Division, Bangladesh. It is the centre of commerce and trade within Bogra District. Bogra is sometimes described as the nerve centre of Northern Bangladesh, it is also a bridge between Rajshahi Division and Rangpur Division. The area of the city is approximately 26.86 km2 (10.37 sq mi), and Present Mayor of the municipality is Adv. Mahabubar Rahman, The Bogra city Area Covers a Population of 2,66,930 people. It consists of 21 wards. Among many notable activities, it has been hosting cricket test matches in Shaheed Chandu Stadium. Bogra is also the battle of honour of a number of crucial operations fought by the guerillas under BDF Sector 7 of and Bengal Regiment''s of the newly formed Bangladesh Army with Pakistani army here during the Bangladesh war of independence in 1971.', 'https://www.google.com/maps/d/viewer?hl=en_US&mid=1mARIDJfYZg6P3KcOSRImI2TErlc', ''),
(7, 'Dinajpur', 'Dinajpur is a city of Rangpur Division situated in northern part of Bangladesh. It is one of the ancient town formed in bangladesh.It was formed in 1786. It is located in the Dinajpur District, near the capital city of Rangpur Division,413 km north-west of Dhaka in Bangladesh. It is situated in 25o37'' N. latitude and 88o39'' E longitude on the eastern bank of the river Punarvhaba. It is bounded on the north by Suihari, Katapara, Bangi Bechapara, Pulhat, Koshba on the south, on the east of Sheikhupura and by the river Punarbhava on the west.', 'https://www.google.com/maps/search/DINAJPUR+google+map/@26.0232319,88.4656872,10z/data=!3m1!4b1', ''),
(8, 'Rajshahi', 'Rajshahi is a metropolitan city in Bangladesh and a major urban and industrial centre of North Bengal. It is the administrative town of Rajshahi District and Rajshahi Division. Located on the north bank of the Padma River, near the Bangladesh-India border; the city has a population of 448,087 as of the 2011 census,with about 878,000 living within metrolopolitan area. The city surrounded by the elevated terrain of the Barind Tract.\r\n\r\nModern Rajshahi lies in the ancient region of Pundravardhana. The foundation of the city dates to 1634, according to epigraphic records at the mausoleum of Sufi Hazrat Shah Makhdum. The area hosted a Dutch settlement in the 18th century.[3] The Rajshahi municipality was constituted during the British rule in 1876. It was a divisional capital of the Bengal Presidency.', 'https://www.google.com/maps/search/RAJSHAHI+google+map/@24.4549486,88.057988,9z/data=!3m1!4b1', ''),
(9, 'Patuakhali', 'Patuakhali is a district in South-central Bangladesh. It is a part of the Barisal Division.\r\n\r\nThis is the main entrance for the beach of Kuakata. Famous for watching both the sun rise and sun set, it is called The Daughter of Sea.', 'https://www.google.com/maps/search/PATUAKHALI+google+map/@22.3769409,89.4728418,9z/data=!3m1!4b1', ''),
(10, 'Moulvibazar', 'Moulvibazar, also called Maulvibazar, Moulavibazar, and Maulavibazar, is a district of Sylhet Division in North-Eastern Bangladesh.\r\n\r\nMoulvibazar is named after Hazrat Syed Shah Mustafa ''Sher-E-Sowar'' Chabukmar Baghdadi, an Islamic preacher active during the advent of Islam in the region. ''Moulvi'' is the typical honorific given to Islamic clerics in South Asia, and ''bazar'' is the Persian/Hindi word for market or township, whereas ''hat'' would be the native Bengali word.', 'https://www.google.com/maps/search/MOULVIBAZAR+google+map/@24.3710968,91.7856097,12z/data=!3m1!4b1', ''),
(11, 'Sylhet', 'Sylhet is a major city that lies on the banks of Surma River in north-east Bangladesh. As of the 2011 census, the city has a population of 479,837. It is surrounded by tea estates, sub-tropical hills, rain forests and river valleys; the region is one of the leading tourist destinations in the country. The city has one of the highest literacy rates in the country. Many Sylhetis live abroad, particularly in London of the UK, where they form a prominent community.And Sylhet known as a 2nd London.\r\n\r\nSylhet is a prominent Islamic spiritual centre and home to numerous Sufi shrines. Sylhet has a reputation as the Spiritual Capital of Bangladesh. also recognised as The Holy land of Bangladesh. It hosts the 14th century mausoleums of Shah Jalal and Shah Paran. The Sylhet municipality was constituted during the British Raj in 1867. It was part of the Bengal Presidency and the Assam Province. Upon a referendum, it became part of East Bengal in the Pakistani Dominion after the Partition of British India in 1947. Sylhet became a focal point for Bengali revolutionaries during the Bangladesh Liberation War in 1971. It was the hometown of General M A G Osmani, the Commander-in-Chief of Bangladesh Forces.\r\n\r\nThe Sylhet Division produces most of Bangladesh''s tea yield, fertiliser and natural gas. It is also known for its cane, citrus, timber and agarwood. Sylhet is a major recipient of remittances from the Bangladeshi diaspora, particularly from the United Kingdom. The city is served by the Osmani International Airport. It is connected to the Port of Chittagong by the N2 and the Bangladesh Railway. The Bangladesh-India border in Tamabil is located to the north of the city. Sylhet is also home to the Shahjalal University of Science and Technology. Sylhet has an international cricket stadium, Sylhet Agricultural University, Shahjalal Fertiliser Factory Ltd', 'https://www.google.com/maps/search/SYLHET+google+map/@24.9023319,91.8375185,13z/data=!3m1!4b1', ''),
(12, 'Khulna', 'Khulna is the third-largest city in Bangladesh. It is the administrative seat of Khulna District and Khulna Division. As of the 2011 census, the city has a population of 663,342.\r\n\r\nKhulna is an old river port located on the Rupsha River. It is an important hub of Bangladeshi industry and hosts many national companies. It is served by Port of Mongla, the second largest seaport in the country. It is also one of the two principal naval command centres of the Bangladesh Navy.\r\n\r\nA colonial steamboat service, including the fleet Tern, Osrich and Lepcha, continues to operate on the river route to the city. It is regarded as the gateway to the Sundarbans, the world''s largest tidal forest and home of the Bengal tiger. Khulna is also situated north of the Historic Mosque City of Bagerhat, a UNESCO World Heritage Site.', 'https://www.google.com/maps/search/KHULNA+google+map/@22.5567127,89.3907416,10z/data=!3m1!4b1', ''),
(13, 'Bagerhat', 'Bagerhat District is a district in South-western Bangladesh. It is a part of the Khulna Division.', 'https://www.google.com/maps/search/BAGERHAT+google+map/@22.6253489,89.2698258,9z/data=!3m1!4b1', ''),
(14, 'Rangamati', 'Rangamati is a district in South-eastern Bangladesh. It is a part of the Chittagong Division and the town of Rangamati serves as the headquarters of the district. Area-wise, Rangamati is the largest district of the country.', 'https://www.google.com/maps/d/viewer?hl=en&mid=1e4zcsaRgAXJC94nJ0_dYS1UX8ys', ''),
(15, 'Chittagong', 'Chittagong is a major coastal seaport city and financial centre in southeastern Bangladesh. The city has a population of more than 2.5 million while the metropolitan area has a population of over 6.5 million, making it the second largest city in the country. It is the capital of an eponymous district and division. The city is located on the banks of the Karnaphuli River between the Chittagong Hill Tracts and the Bay of Bengal.\r\nThe natural harbour of Chittagong has been a gateway to the historic region of Bengal for centuries. It was a prominent trading centre and hosted the first European colonial enclaves in Bengal, which were operated by the Portuguese in the 16th and 17th centuries. The district was ruled by the Sultanate of Bengal, the Kingdom of Mrauk U and the Mughal Empire until the 18th century, at which point it was ceded to the British East India Company. The port was the terminus of the Grand Trunk Road and the Assam Bengal Railway. During the Burma Campaign in World War II, the city was also a key base for Allied Forces. Rapid industrialisation followed the war. Becoming a part of East Pakistan in 1947, the city was the site of Bangladesh''s Declaration of Independence in 1971.\r\nModern Chittagong is a major hub of trade and industry. The Port of Chittagong is the largest international seaport on the Bay of Bengal. The city is home to many of Bangladesh''s oldest and largest companies, as well as the Chittagong Stock Exchange, the Chittagong Tea Auction and the eastern division of the Bangladesh Railway. The Chittagong Naval Area is the largest base of the Bangladesh Navy. Though despite having a high and growing urban per capita GDP in South Asia and being one of the fastest growing cities in the world, the city has a poverty rate of 11.3%, as of 2010. Chittagong is reputed as a relatively clean city, but still confronts substantial logistical and socioeconomic problems.', 'https://www.google.com/maps/d/viewer?mid=1tHMVzSU1jbo_rO0itCQ3RtgZUEY&hl=en', '');

-- --------------------------------------------------------

--
-- Table structure for table `feedback`
--

CREATE TABLE `feedback` (
  `F_ID` int(11) NOT NULL,
  `F_DESC` int(11) NOT NULL,
  `USERNAME` int(11) DEFAULT NULL,
  `TIME` datetime NOT NULL
) ENGINE=InnoDB DEFAULT CHARSET=latin1;

-- --------------------------------------------------------

--
-- Table structure for table `hotel`
--

CREATE TABLE `hotel` (
  `H_ID` int(11) NOT NULL,
  `H_NAME` text NOT NULL,
  `ADDRESS` mediumtext NOT NULL,
  `COST` int(11) NOT NULL,
  `D_ID` int(11) NOT NULL
) ENGINE=InnoDB DEFAULT CHARSET=latin1;

--
-- Dumping data for table `hotel`
--

INSERT INTO `hotel` (`H_ID`, `H_NAME`, `ADDRESS`, `COST`, `D_ID`) VALUES
(1, 'Seagull Hotel Cox''s Bazar', 'Hotel Motel Zone, Cox''s Bazar, Bangladesh', 5000, 1),
(2, 'Hotel Sea Palace Limited', ' Kalatoli Road, Cox''s Bazar, Bangladesh', 2500, 1),
(3, 'Long Beach Hotel, Cox''s Bazar', 'Cox''s Bazar Shaheed Minar, New Circuit House Rd, Cox''s Bazar 4700, Bangladesh', 6000, 1),
(4, 'Praasad Paradise', 'Plot-9, New Beach Road, Cox’s Baazar, Bangladesh', 0, 1),
(5, 'Hotel Sea World', 'Cox''s Bazar, Bangladesh', 2000, 1),
(6, 'Hotel The Cox''s Today', 'kolatoli Road, N110, Cox''s Bazar 4700, Bangladesh', 7000, 1),
(7, 'Hotel Kollol', 'Laboni Beach, Kollol Point, Cox''s Bazar, Bangladesh', 5000, 1),
(8, 'Hotel Prime Park', 'Cox''s Bazar, Bangladesh', 0, 1),
(9, 'Hotel Mishuk', 'Laboni Beach Rd, 4700 Cox''s Bazar, Bangladesh', 1400, 1),
(10, 'Allegro Holiday Suites', 'Plot # 65, Block # A, Kalatoli, Cox''s Bazar, Bangladesh', 0, 1),
(11, 'Sayeman Beach Resort', 'Kalatali, Cox''s Bazar, Bangladesh', 7600, 1),
(12, 'Hotel Sea Alif', ' N110, Cox''s Bazar, Bangladesh', 0, 1),
(13, 'Albatross Resort', 'New Beach Rd, Cox''s Bazar, Bangladesh', 1000, 1),
(14, 'Bashati Bay Resort', ' N 110, Cox''s Bazar, Bangladesh', 0, 1),
(15, 'Hotel Ovisar', 'Cox''s Bazar, Bangladesh', 2000, 1),
(16, 'Hotel Coastal Peace', 'Plot # 6, Block # B., Cox''s Bazar, Bangladesh', 2500, 1),
(17, 'Hotel Auster Echo', 'New Beach Rd, Cox''s Bazar, Bangladesh', 2500, 1),
(18, 'Hotel Beach Way', 'House # 21, Block # C, Kolatoli Road, Cox''s Bazar 4700, Bangladesh', 2500, 1),
(19, 'Fu Wang Dominous Resort', 'Laboni Beach Rd, Cox''s Bazar, Bangladesh', 5200, 1),
(20, 'Zia Guest House', 'Cox''s Bazar, Bangladesh', 0, 1),
(21, 'Ocean Palace Hotel', '15/A, Block-C, Kolatoli Beach Road, Cox''s Bazar., New Beach Rd, Cox''s Bazar 4700, Bangladesh', 1800, 1),
(22, 'Ocean Paradise Hotel and Resort', '28-29, Hotel Motel Zone, Kolatoli Road, Cox''s Bazar 4700, Bangladesh', 6325, 1),
(23, 'Cox''s Bazar Hilton', 'Block- B, Ploat- 25, New Beach Rd, Cox''s Bazar, Bangladesh', 3500, 1),
(24, 'Hotel Amin International', 'Cox''s Bazar Marine Dr, Cox''s Bazar, Bangladesh', 0, 1),
(25, 'Resort Islandia', 'N110, Cox''s Bazar, Bangladesh', 0, 1),
(26, 'Hotel Zaman Sagor Heights', ' New Beach Rd, Cox''s Bazar, Bangladesh', 0, 1),
(27, 'Sea Hill Guest House', 'Kalatali Road, Coxs Bazar, Bangladesh', 1500, 1),
(28, 'Green Peak Resort', 'Meghla (Opposite to TTC), Chittagong - Bandarban Hwy, Bangladesh', 5000, 2),
(29, 'Hotel Hill View', 'Bus Terminal,Bandarban, Bangladesh', 0, 2),
(30, 'Hotel The Paradise', ' Sherebangla nogor road, Bandarban 32259, Bangladesh', 1000, 2),
(31, 'Hotel Shornoshila', 'KSI Rd, Bandarban, Bangladesh', 0, 2),
(32, 'Sajek Hotel', 'Dighinala - Sajek Rd, Sajek, Bangladesh', 0, 3),
(33, 'Runmoy Resort', 'Sajek BGB, Dighinala - Sajek Rd, Bangladesh', 0, 3),
(34, 'Alo Resort', 'Dighinala - Sajek Rd, Sajek, Bangladesh', 0, 3),
(35, 'Babylon Hotel & Serviced Apartments', '319, Eastern Rd, Dhaka-1206, Bangladesh', 3000, 4),
(36, 'Pan Pacific Sonargaon Dhaka Hotel', '107 Kazi Nazrul Islam Shorony, Dhaka-1215, Bangladesh', 10000, 4),
(37, 'Hotel 71', '(Old 47, Bijoy Nagar), 176 Shaheed Saiyad Nazrul Islam Shmoroney, Dhaka-1000, Bangladesh', 5000, 4),
(38, 'Hotel Farmgate', '82, West Tejturi Bazar, Farmgate, Dhaka-1215, Green Road, Dhaka-1215, Bangladesh', 4000, 4),
(39, 'Hotel Purbani Int. Ltd.', '1 Dilkusha Road, Dhaka-1000, Bangladesh', 2000, 4),
(40, 'BEST WESTERN La Vinci Hotel', '54, Kawran Bazar, Dhaka-1215, Bangladesh\r\n', 5000, 4),
(41, 'Intercontinental Dhaka', 'Mintu Road, Dhaka-1000, Bangladesh', 7000, 4),
(42, 'Hotel SiesTa Bogra', 'Fuldhigi, Banani, Bogra-5800, Bangladesh', 2000, 6),
(43, 'Hotel Naz Garden', 'Bogra City Bypass, Bogra-5800, Bangladesh', 3000, 6),
(44, 'Casuarina', 'Hotel Naz Garden, Bogra City Bypass, Bogra 5800, Bangladesh', 3000, 6),
(45, 'Hotel Diamond', 'Maldahpatti, Dinajpur 5200, Bangladesh', 2500, 7),
(46, 'Hotel Mrigaya', 'Chalkbazar Rd, Dinajpur 5200, Bangladesh', 2000, 7),
(47, 'Hotel Nice International', 'Shaheb Bazar, Rajshahi, Bangladesh', 1500, 8),
(48, 'Hotel Dallas International', 'Rajshahi - Naogaon Hwy, Rajshahi 6000, Bangladesh', 2000, 8),
(49, 'Chez Razzak Suites', 'House# 310, Road#02,Padma Housing Estate, 02 ADVANCE TELECOM, Rajshahi, Bangladesh', 1500, 8),
(50, 'Warisan Residential Hotel', ' 88, Zodiac Palace (8th Floor), Zero Point Shaheb Bazar Rd, Rajshahi 6100, Bangladesh', 1500, 8),
(51, 'Warisan Residential Hotel', '88, Zodiac Palace (8th Floor), Zero Point Shaheb Bazar Rd, Rajshahi 6100, Bangladesh', 2000, 8),
(52, 'Hotel Banani Palace', 'Kuakata parjatan area, Sadar Road, Kalapara, Patuakhali,Bangladesh', 1000, 9),
(53, 'Hotel Kuakata Inn', 'Kuakata parjatan area, Sadar Road, Kalapara, Patuakhali,Bangladesh', 1200, 9),
(54, 'Hotel Neelanjana Ltd.', 'Opposite of Rakhaine Women''s Market,\r\nPatuakhali, Bangladesh', 1450, 9),
(55, 'Kuakata Guest House', 'Kuakata parjatan area, Sadar Road, Kalapara, Patuakhali, Bangladesh', 1000, 9),
(56, 'Rainforest Resort', 'Uttarsure, Hobigang Road, Maulvibazar, (Dhaka-Moulvibazar Road), Sreemangal, Bangladesh', 5000, 10),
(57, 'Grand Sultan Tea Resort & Golf', ' Radhanagar, Sreemongal, Sreemangal - Bhanugach Rd, 3210, Bangladesh', 6000, 10),
(58, 'Lemon Garden', 'Sreemangal - Bhanugach Rd, Bangladesh', 4000, 10),
(59, 'Novem Eco Resort', 'Bishamoni Radhanagar Sreemangal, Bangladesh, Shreemongal 3210, Bangladesh', 3500, 10),
(60, 'DuSai Resort & Spa', ' Moulvibazar Sadar, Dhaka-Moulvi Bazar Hwy, Bangladesh', 4000, 10),
(61, 'Hotel Holy Gate | Hotel in Sylhet', 'Holy Complex, East Dargah Gate, Sylhet, Bangladesh, Sylhet 3100, Bangladesh', 4000, 11),
(62, 'Hotel Supreme', ' East Mirabazar, Tamabil Rd, Sylhet 3100, Bangladesh', 4000, 11),
(63, 'Hotel Metro International', 'Bandar Bazar Rd, Sylhet, Bangladesh', 5000, 11),
(64, 'Rose View Hotel', 'Shahjalal Upashahar Main Rd, Sylhet, Bangladesh', 5000, 11),
(65, 'Hotel Jalico', 'Upper Jessore Rd, Khulna 9100, Bangladesh', 5000, 12),
(66, 'City Inn Ltd.', 'B-1 Majid Sarani, Khulna 9000, Bangladesh', 3000, 12),
(67, 'Hotel Royal International', 'A-33, Khan Jahan Ali Road, Khulna 9100, Bangladesh', 3500, 12),
(68, 'Western Inn International Ltd', '51, Khan -a-Sabur Road Upper Jessore Rd, Khulna 9100, Bangladesh', 2500, 12),
(69, 'Al-amin Hotel', 'Pirozpur-Bagerhat Hwy, Bagerhat 9300, Bangladesh', 2500, 13),
(70, 'Hotel Momotaz', 'Rail Road, Bagerhat, Bangladesh', 2000, 13),
(71, 'Hotel Sufia', 'infront pouro super market, Rangamati 4500, Bangladesh', 3000, 14),
(72, 'Hotel Prince', ' Dowel Cattar Parjatan Road, Old Bus Stand, Rangamati 4500, Rangamati', 2500, 14),
(73, 'HOTEL SHANGHAI INT. Rangamati', 'Kathaltali, N 106, Rangamati, Bangladesh', 3500, 14),
(74, 'Well Park Residence', ' Road # 01, Plot # 02, O.R. Nizam Road, GEC, 4000 , Chittagong 4000,  Bangladesh', 3000, 15),
(75, 'Hotel St. Martin Ltd.', '25 Sheikh Mujib Road, Chittagong 4100, Bangladesh', 3500, 15),
(76, 'Hotel Lord''s Inn', 'Hosna Kalam Complex, CDA Ave, Chittagong 4000, Bangladesh', 4000, 15),
(77, 'Avenue Hotel & Suites', ' Dhaka Chittagong Highway, Chittagong, Bangladesh', 5000, 15),
(78, 'Orchid Business Hotel', 'SK Mujib Road (Dampara Bus stand to GEC Circle), Chittagong, Bangladesh', 5500, 15),
(79, 'Hotel Tower Inn International Ltd.', '183 Jubilee Rd, Chittagong, Bangladesh', 5000, 15),
(80, 'Asian SR Hotel', ' 291 Station Rd, Chittagong 4000, Bangladesh', 3500, 15);

-- --------------------------------------------------------

--
-- Table structure for table `image`
--

CREATE TABLE `image` (
  `I_ID` int(11) NOT NULL,
  `I_NAME` text NOT NULL,
  `D_ID` int(11) NOT NULL,
  `I_IMAGE` longblob NOT NULL
) ENGINE=InnoDB DEFAULT CHARSET=latin1;

-- --------------------------------------------------------

--
-- Table structure for table `image_site`
--

CREATE TABLE `image_site` (
  `SI_ID` int(11) NOT NULL,
  `SI_NAME` text NOT NULL,
  `S_ID` int(11) NOT NULL,
  `S_IMAGE` longblob NOT NULL
) ENGINE=InnoDB DEFAULT CHARSET=latin1;

-- --------------------------------------------------------

--
-- Table structure for table `ratings`
--

CREATE TABLE `ratings` (
  `R_ID` int(11) NOT NULL,
  `R_VALUE` int(11) NOT NULL
) ENGINE=InnoDB DEFAULT CHARSET=latin1;

-- --------------------------------------------------------

--
-- Table structure for table `site`
--

CREATE TABLE `site` (
  `S_ID` int(11) NOT NULL,
  `S_NAME` text NOT NULL,
  `S_DESC` longtext NOT NULL,
  `S_TRANS` longtext NOT NULL,
  `D_ID` int(11) NOT NULL
) ENGINE=InnoDB DEFAULT CHARSET=latin1;

--
-- Dumping data for table `site`
--

INSERT INTO `site` (`S_ID`, `S_NAME`, `S_DESC`, `S_TRANS`, `D_ID`) VALUES
(1, 'St. Martin''s Island', 'St. Martin''s Island is a small island (area only 8 km2) in the northeastern part of the Bay of Bengal, about 9 km south of the tip of the Cox''s Bazar-Teknaf peninsula, and forming the southernmost part of Bangladesh. There is a small adjoining island that is separated at high tide, called Chera Dwip. It is about 8 kilometres (5 miles) west of the northwest coast of Myanmar, at the mouth of the Naf River.\r\n\r\nThe first settlement started 250 years ago by Arabian sailors who named the island ''Zajira''. During British occupation the island was named St. Martin Island. During the First Anglo-Burmese War between the British and Burmese empires in 1824–1826, rival claims to the island were a major factor. The local names of the island are "Narical Gingira", also spelled "Narikel Jinjira/Jinjera", which means ''Coconut Island'' in Bengali, and "Daruchini Dwip". It is the only coral island in Bangladesh.', '', 1),
(2, 'Himchari National Park', 'Himchari is located just south of the Cox''s Bazar town. It consists of lush tropical rain forest, grasslands and trees, and features a number of waterfalls, the biggest of which cascades down toward the sandy, sun-drenched beach. The National Park was established in 1980 by the Government of Bangladesh as a conservation area for research, education and recreation. Once it was the stomping grounds of herds of Asian elephant. It is still home to a limited number of these mammals.', '', 1),
(3, 'Aggmeda Khyang', 'Aggmeda Khyang is  a large Buddhist monastery, and a place revered by around 400,000 Buddhist people of Cox''s Bazar; and the Chittagong Hill Tracts. The main sanctuary is posted on a series of round timber columns. It has a prayer chamber and an assembly hall along with a repository of large and small bronze Buddha images and a number of old manuscripts.', '', 1),
(4, 'Ramu', 'Ramu is about 10 km from Cox''s Bazar, is a village with a sizeable Buddhist population. The village is famous for its handicrafts and homemade cigars. There are monasteries, khyangs and pagodas containing images of Buddha in bronze, gold and other metals with precious stones. One of the most interesting of these temples is on the bank of the Baghkhali river. It houses not only relics and Burmese handicrafts but also a large bronze statue of Buddha measuring thirteen feet high which rests on a six feet high pedestal. Weavers ply their trade in open workshops and craftsmen make handmade cigars in their pagoda like houses.', '', 1),
(5, 'Bangabandhu Sheikh Mujib Safari Park', 'Bangabandhu Sheikh MujibSafari Park is the first Safari Park in Bangladesh. The nature of the forest is tropical evergreen and rich with Garjan, Boilam, Telsur and Chapalish along with herbs, shrubs and creepers. Safari Park is a declared protected area where the animals are kept in fairly large area with natural environment and visitors can easily see the animal when ever they visit by bus, jeep or on foot. This park was established on the basis of South Asian model. This safari park is an extension of an animal sanctuary located along the Chittagong-Cox''s Bazar road about 50 km from Cox''s Bazar town. The sanctuary itself protects a large number of wild elephants which are native to the area. In the safari park there are domesticated elephants which are available for a ride. Other animal attractions include lions, Bengal tigers, Crocodiles, Bears, Chitals and lots of different types of birds and monkeys.which is wonder full project to attract the tourist.', '', 1),
(6, 'Inani Beach', 'Inani Beach (also Enani Beach) is an 18-kilometre-long (11 mi) sea beach in Ukhia Upazila of Cox''s Bazar District, Bangladesh. It has a lot of coral stone. This coral stones look green and live in summer or in rainy season.\r\n', '', 1),
(7, 'Keokradong', 'Keokradong is a peak located in Bandarban, Bangladesh, with an elevation of 986 metres (3,235 ft). Some sources claim it as the highest point of Bangladesh.\r\n\r\nOn the top of Keokradong there is a small shelter and a signboard put up by the Bangladeshi military proclaiming the elevation to be 3,172 feet.\r\n\r\nHeight measured by handheld GPS shows it is 986 metres (3,235 ft) with 3m accuracy.\r\n\r\nThere is a controversy about the highest point of Bangladesh, and some sources indicate Mowdok Mual as the most elevated peak of the country.', '', 2),
(8, 'Buddha Dhatu Jadi', 'The Buddha Dhatu Jadi (also known as the Bandarban Golden Temple) is located close to Balaghata town, in Bandarban City, in Bangladesh. Dhatu are the material remains of a holy person, and in this temple the relics belong to Buddha. It is the largest Theravada Buddhist temple in Bangladesh and has the second-largest Buddha statue in the country.\r\nThe Bandaban Golden Temple belongs to the Theravada Buddhism order, which is practiced by the Marma indigenous people, a dominant ethnic group of Bandarban. It was built in 2000 in Arakanese architecture, an adoption of South East Asia style.\r\nThe Buddhist temple is known in local language as Kyang. It is located in the remote Bandarban Hill District in south-eastern Bangladesh, which is part of the Chittagong Division of Chittagong Hill Tracts. The temple is ensconced in the hill town of Bandarban, which has two of the highest peaks with rolling hills, namely, the Tajingdong (4,000 feet (1,200 m)) and the Keokeradong (4,632 feet (1,412 m)), covered with dense forests with lush vegetation. Sangu river flows through the town. There is also a waterfall nearby. The temple is built on top of a 60 metres (200 ft) high hill, which is about 4 kilometres (2.5 mi) from the Balaghat town, and 10 kilometres (6.2 mi) from the Banderban city. Chittagong, known as a "picturesque part of Bangladesh that is referred to as the rooftop of the country", is about 92 kilometres (57 mi) away. Within the Bandarban town, the notable structures are the Ethnic Cultural Institute and a Museum. There is also a lake on the hill known as the Debota Pukur (meaning:"pond of the God").', '', 2),
(9, 'Jadipai Waterfall', 'Jadipai Waterfall located at Ruma Upazila of Bandarban District is one of the widest water falls in Bangladesh. It is one of the most attractive tourist spots of Bangladesh. The flow of Jadipai fall becomes robust during the rainy season. It is located in Ruma Upazila of Bandarban District. It is about 2 hour walking distance from Keokaradong peak.', '', 2),
(10, 'Nilgiri', 'Nilgiri or Nil Giri is one of the tallest peaks and beautiful tourist spot in Bangladesh. It is about 3500 feet high and situated at Thanci Thana. It is about 46 km south of Bandarban on the Bandarban-Chimbuk-Thanchi road. Beside this spot you can see Mro villages. Their colorful culture and living style are surely an unexplored experience for the visitors. In rainy season here creates a spectacular scenery, the whole spot is covered with the blanket of clouds. You can enjoy a cloudy experience. Winter is waiting for you with it’s foggy gesture on the height. It is a nice place for campfire in that season. Most attractive time is the dawn. It is better if you chose to stay during 7-18 dates of a lunar month to enjoy the moonlit night. You can also enjoy the serpentine course of Sangu River. This is the most spectacular tourist spot in Bandarban and managed by Army brigade of Bandarban. ', '', 2),
(11, 'Boga Lake', 'Boga Lake is the most beautiful natural lake in Bangladesh. It is also known as Bagakain Lake or Baga Lake. Boga lake is 18 kilometer away from Ruma Sadar Upozilla in Bandarban. The area of this lake is about 15 acres. It is about 3000 feet above sea level. The color of water of this lake is blue and very nice. There are many mythological stories behind the creation of this lake. There are many tourists make their way to Boga lake every year, specially in the winter season. Small tribe community like Bawm, Khumi have localities besides the Boga lake. In the rainy season, it is quite difficult to stroll beside the boga lake. The road from Ruma to Boga lake is still under construction. There waiting lots of pleasure and delight for you at Boga lake. You will definitely be amazed looking at the big rocks lying in and out of the Boga lake. You can have a camp fire beside the lake, that will be unbelievable and mind-blowing memory in your life.', '', 2),
(12, 'Shoilo Propat', 'The waterfall named Shoilo Propat or Shoylo Propat at Milanchari, 4 km from the town on the road to Thanchi, is also excellent site maintained by Bangladesh Parjatan, the national tourism promotion corporation. The Parjatan Motel is not a small thing at all. It has a huge three-storey building on a high place. The room rent here a little high compared to other places The site maintained by the District Administration is Meghla, 4 km from the town on the road to Keranihat, which features a mini-safari-park, a zoo, and a hanging bridge. The District Administration has also developed the Nilachal tourist site near Meghla, in Tigerpara.\r\n\r\n\r\n\r\nShoilo Propat is one of the most famous and visited natural fall in Bangladesh. During the rainy season the flow of this fall becomes vigorous. The water of this fall is so cool and transparent Near the Shoilo Propat there has grown up two or three village for the availability of water. It is a good source for drinking water and household use for the local community.\r\nThere is a small market near the Shoilo Propat for trade local peoples handicrafts, handloom products and food. Visitor can closely see the struggling lifestyle of this region community.', '', 2),
(13, 'Lalbagh Fort', 'Lalbagh Fort (also Fort Aurangabad) is an incomplete 17th century Mughal fort complex that stands before the Buriganga River in the southwestern part of Dhaka, Bangladesh.[1] The construction was started in 1678 AD by Mughal Subahdar Muhammad Azam Shah who was son of Emperor Aurangzeb and later emperor himself. His successor, Shaista Khan, did not continue the work, though he stayed in Dhaka up to 1688.', '', 4),
(14, 'Ahsan Manzil', 'Ahsan Manzil was the official residential palace and seat of the Dhaka Nawab Family. This magnificent building is situated at Kumartoli along the banks of the Buriganga River in Dhaka, Bangladesh. The construction of this palace was started in 1859 and was completed in 1872. It was constructed in the Indo-Saracenic Revival architecture. It has been designated as a national museum.', '', 4),
(15, 'Shaheed Minar', 'The Shaheed Minar is a national monument in Dhaka, Bangladesh, established to commemorate those killed during the Bengali Language Movement demonstrations of 1952 in then East Pakistan.\r\n\r\nOn February 21 and 22, 1952, a dozen students and political activists were killed when the Pakistani police force opened fire on Bengali protesters who were demanding official status for their native tongue, Bengali. The massacre occurred near Dhaka Medical College and Ramna Park in Dhaka. A makeshift monument was erected on February 23 by students of University of Dhaka and other educational institutions, but soon demolished on February 26 by the Pakistani police force.\r\n\r\nThe Language Movement gained momentum, and after a long struggle, Bengali gained official status in Pakistan (with Urdu) in 1956. To commemorate the dead, the Shaheed Minar was designed and built by Hamidur Rahman a Bangladeshi sculptor in collaboration with Novera Ahmed. Construction was delayed by martial law, but the monument was finally completed in 1963, and stood until the Bangladesh Liberation War in 1971, when it was demolished completely during Operation Searchlight. After Bangladesh gained independence later that year, it was rebuilt. It was expanded in 1983.\r\n\r\nNational, mourning, cultural and other activities held each year to mark February 21, Ekushey or Shaheed Dibas (Martyrs'' Day), are centered on the Shaheed Minar. Since 2000, 21 February is also recognized as International Mother Language Day.', '', 4),
(16, 'Jatiya Smriti Soudho', 'Jatiyo Smriti Soudho or National Martyrs'' Memorial is the national monument of Bangladesh is the symbol in the memory of the valour and the sacrifice of all those who gave their lives in the Bangladesh Liberation War of 1971, which brought independence and separated Bangladesh from Pakistan. The monument is located in Savar, about 35 km north-west of the capital, Dhaka. It was designed by Syed Mainul Hossain.', '', 4),
(17, 'Jatiyo Sangshad Bhaban', 'Jatiyo Sangsad Bhaban or National Parliament House, is the house of the Parliament of Bangladesh, located at Sher-e-Bangla Nagar in the Bangladeshi capital of Dhaka. Designed by architect Louis Kahn, the complex, is one of the largest legislative complexes in the world, comprising 200 acres (800,000 m²)\r\n\r\nThe building was featured prominently in the 2003 film My Architect, detailing the career and familial legacy of its architect, Louis Kahn. Robert McCarter, author of Louis I. Kahn, described the National Parliament of Bangladesh as one of the twentieth century''s most significant buildings.', '', 4),
(18, 'Baitul Mukarram', 'Baitul Mukarram, also spelled as Baytul Mukarrom is the national mosque of Bangladesh. Located at the center of Dhaka, capital of Bangladesh, the mosque was completed in 1968. The mosque has a capacity of 30,000, giving it the respectable position of being the 10th biggest mosque in the world. However the mosque is constantly getting overcrowded. This especially occurs during the Islamic holy month of Ramadan, which has resulted in the Bangladeshi government having to add extensions to the mosque, thus increasing the capacity to at least 40,000.', '', 4),
(19, 'Dhakeshwari Temple', 'Dhakeshwari National Temple is a Hindu temple in Dhaka, Bangladesh. It is state-owned, giving it the distinction of being Bangladesh''s ''National Temple''. The name "Dhakeshwari" means "Goddess of Dhaka". Since the destruction of Ramna Kali Mandir in 1971 by the Pakistan Army during the Bangladesh Liberation War, the Dhakeshwari Temple has assumed status as the most important Hindu place of worship in Bangladesh.', '', 4),
(20, 'Bara Katra', 'Bara Katra is a historical and architectural monument located in the city of Dhaka, Bangladesh.‘Katra/ katara’ in Arabic and Persian means ‘Caravan (Karwan) Sarai’ or simply a ‘Sarai’. It is a palatial building dating to the reign of the Mughal dynasty in the Bengal region. It is situated to the south of Chowk Bazaar close to the north bank of the river Buriganga.', '', 4),
(21, 'Choto Katra', 'Choto Katra is one of the two Katras built during Mughal''s regime in Dhaka, Bangladesh. It was constructed in 1663 by Subahdar Shaista Khan. It is on Hakim Habibur Rahman lane on the bank of the Buriganga River. Basically it was built to accommodate some officials and Shaista Khan''s expanding family. Choto Katra is slightly smaller than Bara Katra, but similar in plan and it is about 185 metres east to it.', '', 4),
(22, 'Curzon Hall', 'The Curzon Hall is a British Raj-era building and home of the Faculty of Science at the University of Dhaka.\r\nThe building was originally intended to be a town hall and is named after Lord Curzon, the Viceroy of India who laid its foundation stone in 1904. Upon the establishment of Dacca University in 1921, it became the base of the university''s science faculty.\r\nDuring the Bengali Language Movement, 1948–1956, Curzon Hall was the location of various significant events. After the Partition of India in 1947 that formed the country of Pakistan, Urdu was chosen to be the sole state language. In 1948, the Constituent Assembly of Pakistan chose Urdu and English as the only languages to be used to address the assembly, which was protested within the assembly on the grounds that the majority of the people spoke Bangla and not Urdu. Students of Dhaka University objected instantly to the actions of the Constituent Assembly, and it was in Curzon Hall that they declared their opposition to the state language policy.', '', 4),
(23, 'Bangladesh National Museum', 'The Bangladesh National Museum, originally established on 20 March 1913, albeit under another name (the Dhaka Museum), and formally inaugurated on 7 August 1913, was accorded the status of the national museum of Bangladesh on 17 November 1983. It is located at Shahbag, Dhaka. The museum is well organized and displays have been housed chronologically in several departments like department of ethnography and decorative art, department of history and classical art, department of natural history, and department of contemporary and world civilization. The museum also has a rich conservation laboratory.', '', 4),
(24, 'Northbrook Hall', 'Northbrook Hall (also Lalkuthi; Red House because of its deep red color) was originally built as a town hall during the British period. It is situated at Farashgonj road in Old Dhaka, Bangladesh on the north bank of the Buriganga River.\r\nNorthbrook Hall is an Indo-Saracen building, and a fusion of Mughal architecture and European Renaissance architectural styles. The semi-circular horseshoe arches contain the main entrance on the north side. The four octagonal minarets on the north side, along with pinnacles and ornamental parapet, show the Muslim and Mughal features. The windows, doors and walls were ornate, following the European style, but the domes at the top of the building were ornate following the Muslim style.', '', 4),
(25, 'Greek Memorial', 'Greeks were the late comers to Bangladesh area among foreigners. They came to Bangle around the 18th century. They constructed a memorial in Dhaka. It was constructed for the memory of the Greek merchants of Dhaka. Greek memorial is an ancient monument, built in around AD 1900, looks like ancient Greek temples, a small yellow structure on land owned by the Greek Community, which flourished in Dhaka in the 19th century. It is inside the TSC (Teachers and students training centre) of University of Dhaka standing alone on main Shahbagh Avenue and faces Ramna Race Course. To its southern side is now being built Atomic Research Centre and to its north a Student''s Centre. It is considered to be the only such structure extant outside Greece.\r\nThe monument is square shaped, which, with its projecting bay, one on each of the four sides, makes a cross plan. The bay is formed by two fluted pillars of Doric order, on which rests the entablature and a triangular pediment. Over the top of the eastern face there is an inscription “MAKARIOI OYS EPHELEPHOY KAI PROSELABOY.” One entrance from the east leads into the memorial.\r\n\r\nOn the walls within are fixed nine inscriptions carved on black stones, and another lies broken on the floor stone is of Sultana Alexander, who died on February 6, 1800. A stone bears the names of the three Ellias brothers. John Demetrius Ellias (d 1836), one of the brothers, was killed by a tiger while he was hunting at Mirpur, 25 miles off what is now the Dhaka University campus. Basil Demetrius, the Greek clerk at St Thomas'' Church, was also buried at the place. Besides being a church clerk, he was also a writing master and a teacher at the Dhaka College for 10 years. He died in 1860.', '', 4),
(26, 'Martyred Intellectuals Memorial', 'Martyred Intellectuals Memorial is a memorial built in memory of the martyred intellectuals of Bangladesh Liberation War. The memorial, located at Rayerbazar, Mohammadpur Thana in Dhaka,. The memorial was designed by architect Farid U Ahmed and Jami Al Shafi. The initial proposal for a memorial at Rayer Bazar was brought forward by Projonmo 71 (organisation of the children of the martyrs of liberation war), who also laid a temporary foundation stone in 1991.\r\nThe main element of the monument is the 17.68m high, 0.91m thick and 115.82m long curved brick wall, representing the original brickfield of Rayer Bazar where the dead bodies were found. The wall itself is broken at the two ends, demonstrating the depth of grief and sorrow. A 6.10m by 6.10m square window at the south-west side of the wall permits visitor''s view to reach the sky behind, that also scale down the immense wall. In front of the curved wall is a still water body from which rises a black granite column, which represents grief.\r\n', '', 4),
(27, 'Suhrawardy Udyan', 'Suhrawardy Udyan formerly known as Ramna Race Course ground is a national memorial located in Dhaka, Bangladesh. It is named after Huseyn Shaheed Suhrawardy. Originally it served as the military club of the British soldiers stationed in Dhaka. It was then called the Ramna Race Course and later Ramna Gymkhana. After the end of colonial rule, the place – sometimes referred to as Dhaka Race Course – was used for legal horse racing on Sundays.\r\n\r\nIt is the resting place of three great national leaders, Sher-e-Bangla A.K. Fazlul Huq (1873–1962), Huseyn Shaheed Suhrawardy (1892–1963) and Khwaja Nazimuddin (1894–1964). Ramna Race Course was renamed after Huseyn Shaheed Suhrawardy. A Mughal structure namely the Dhaka Gate was built adjacent to the park area of Suhrawardy Udyan. The gate was built by Mir Jumla II in 1660s.', '', 4),
(28, 'Somapura Mahavihara', 'Somapura Mahavihara in Paharpur, Badalgachhi Upazila, Naogaon District, Bangladesh is among the best known Buddhist viharas in the Indian Subcontinent and is one of the most important archeological sites in the country. It was designated as a UNESCO World Heritage Site in the year of 1985. It dates from a similar time period to the nearby Halud Vihara and to the Sitakot Vihara in Nawabganj Upazila of Dinajpur District.\r\nThe quadrangular structure consists of 177 cells and a traditional Buddhist stupa in the center. The rooms were used by the monks for accommodation and meditation. In addition to the large number of stupas and shrines of various sizes and shapes, terracotta plaques, stone sculptures, inscriptions, coins, ceramics etc. have been discovered.\r\n\r\nThe site houses the architectural remains of a vast Buddhist monastery, Somapura Mahavihara, covering 27 acres (110,000 m2). It was an important intellectual centre for Dharmic Traditions such as Buddhists (Buddha Dharma), Jains (Jaina Dharma) and Hindus (Sanatana Dharma) alike. The 21 acre (85,000 m²) complex has 177 cells, viharas, numerous stupas, temples and a number of other ancillary buildings. The outside walls with ornamental terracotta palques still display the influence of these three religions.\r\n\r\nIn acreage, Somapura was the largest of the mahaviharas. Its architecture was unusual. As one scholar described, the complex was dominated by a temple, which was not typical, and further, the temple had "none of the characteristic features of Indian temple architecture, but is strongly reminiscent of Buddhist temples of Burma, Java and Cambodia, reproducing the cruciform basement, terraced structure with inset chambers and gradually dwindling pyramid form ... during the age of the Palas some sort of intercourse between eastern India and south-east Asia existed ... but how this temple type, represented in India by this solitary example, became the standard of Buddhist temple architecture is not known."', '', 5),
(29, 'Kusumba Mosque', 'Kusumba Mosque is a mosque in Manda Upazila of Naogaon District, Bangladesh. It was built in 1558-59. On the west bank of Atrai river, under the Manda Upazila of Naogaon District in Bangladesh, the mosque named Kusumba is situated.\r\nThe mosque lies inside a walled enclosure with a monumental gateway with standing spaces for guards. The inscription tablet is totally in Arabic, except the part "built by" is in Persian.Walking up to the mosque, visitors will be greeted by a massive gateway, which is the only entrance to the mosque that is protected by a surrounding wall. One can almost imagine the guards outside, still protecting this breathtaking building. The foundation and most of the building was constructed from bricks, although the outer walls, some interior walls, side screens and columns are of stone.\r\n\r\nThe central Mihrab is designed in the west. Opposite the central and southeastern entrances, the interior west wall has two mihrabs. There is division in the two mihrabs and they had different platforms. That is because the time of construction the general public was separated from officials and nobility during the prayers.', '', 5),
(30, 'Patisar Village', 'Patisar Patisar village associated with rabindranath tagore in Naogaon district. It is situated on the banks of the Nagor, 12 kilometres south-east of the Atrai railway station and 26 kilometres from the district town.\r\n      The headquarters of the Tagore family''s zamindari in Kaligram Pargana were located at Patisar. dwarkanath tagore, the grandfather of Rabindranath Tagore, purchased this zamindari in 1830. Rabindranath Tagore first came to Patisar in January 1891.\r\n      The architectural design of the two-storied Kuthibari of Patisar is similar to that of Shilaidaha-Shahjadpur. The buildings, adjacent to the main mansion, are now reduced to debris. A pond, named Rabindrasarobar, is now a silted up marsh. During his stay at Patisar, Tagore composed various poems, stories, novels, essays and the verse-play Biday Abhishap. He also established many primary schools, a school named Rathindranath High School, charitable dispensaries, and Patisar Krishi Bank (1905). He introduced tractors in Patisar and formed co-operative societies for the development of agriculture, handloom, and pottery. In 1921, when the zamindari was divided, Patisar fell to Tagore''s share. When the poet was awarded the Nobel Prize, the tenants of Patisar felicitated him with an address of honour (1913). On the request of his tenants, Tagore visited Patisar in 1937 for the last time on the occasion of punya. Every year many devotees of Tagore come from home and abroad to visit Patisar. On the occasions of Tagore''s birth and death anniversaries, discussion meetings and cultural functions are held at Patisar. \r\n\r\n      During ''Rabindranath Thagure'' stay at Patisar, Tagore composed various poems, stories, novels, essays and the verse-play Biday Abhishap. He also established many primary schools, a school named Rathindranath High School, charitable dispensaries, and Patisar Krishi Bank (1905). He introduced tractors in Patisar and formed co-operative societies for the development of agriculture, handloom, and pottery. In 1921, when the zamindari was divided, Patisar fell to Tagore''s share. When the poet was awarded the Nobel Prize, the tenants of Patisar felicitated him with an address of honour (1913). On the request of his tenants, Tagore visited Patisar in 1937 for the last time on the occasion of punya.\r\n\r\n      Every year many devotees of Tagore come from home and abroad to visit Patisar. On the occasions of Tagore''s birth and death anniversaries, discussion meetings and cultural functions are held at Patisar', '', 5),
(31, 'Dubalhati', 'Dubalhati is an ancient site in the south-western part of the district. The road to Dubalhati passes through the wide body of water known as “Dighli beel” (a beel is a large shallow lake or marsh). There is a large well in the center of the road for providing travelers with water. Today the road is becoming a recreational place for the town dwellers because of its natural beauty.[citation needed]\r\n\r\nThe most notable feature of Dubalhati is the "Raja''s Mansion" (Jomidar Bari or Rajbari). The house has two parts; the main part, Darbar Hall, is residential and used for holding seminars, while the other part, Natto Shalla, is for prayers. The rajbari is a three-story building standing on wide and long masonry slender spiral columns. There are four large dighi (small lakes) around the site.\r\n\r\nThe rajbari was first built by Raja Horandro Ray Choudhory during the Pala Dynasty (781–1124). About 53 rajas have held the title, beginning with Jogotram, and ending with Haranath Ray Bahadur II in 1971. Raja Horonath Ray Bahadur I was notable for his construction of schools in Rajshahi and Naogaon district, including Natto Shala, Baganbari, Dubalhati High school, Naogaon K.D. School. He contributed sums of money to the Rajshahi Government College. He founded Dubalhati Raja Horonuth High School, only the second high school in the Rajshahi Division, in 1864. He had many wells and dhighis (small lakes) dug for providing drinking and irrigation water, and provided food to the populace during the famine of 1874.', '', 5),
(32, 'Dibor Dighi', 'Dibar Dighi is a tank in Patnitala Upazila, Naogaon District, Bangladesh. Dibar Dighi and Kaivarta Stambha Dibar Dighi (pond) with the Kaibvrta stambha (pillar) is located at a village on the northern side of Najipur-Shapahar highway in Patnitala upazila of Noagaon district. The dighi was excavated in the centre of an elevated mound measuring about 100 acres covering an area of 20 acres of land. The octagonal granite pillar known as Kaivarta Stambha stands in the centre of the tank. The apex of the pillar is crown shaped decorated with three inflated circular rings.\r\nSir Buchanon Hamilton visited the site in 1807-08 and measured the height of the pillar as 10.33 metres. Sir Alexandar Cunninghum visited the site in 1879-80 and reported the pillar’s height as 9.14 metres. According to his report, the length of this pillar’s underground portion was 2.5 to 3 metres, under-water length 4 metres and the length of visible portion over water was estimated as only 3 metres. He also reported that the length between each angle was 4 metres.\r\nIt can be assumed from these historical evidences that the monument was built as a memorial of the victory of Kaivarta king Dibyak or Dibya in his war against king Mahipala II (1075-1080) of Pala dynasty. The pillar appears to be built by king Dibyak or his successor Rudak or Bhim sometime in the second half of the eleventh century. The name of the village as Dibar may be derived after the name of king Dibyak or Dibya.\r\n', '', 5),
(33, 'Balihar Rajbari', 'Balihar Royal Palace or Bolihar Rajbari is one of the oldest palaces in Sadar upazila of Naogaon. Royal Palace is located on the west side of the Naogaon-Rajshahi highway. There were 330 ponds and dighis in Balihar estate area. Up till now there are many dighis and ponds. Their euphonious names were such as Malahar, Sitahar, Balihar, Antahar and many more.', '', 5),
(34, 'Mahasthangarh', 'Mahasthangarh is one of the earliest urban archaeological sites so far discovered in Bangladesh. The village Mahasthan in Shibganj thana of Bogra District contains the remains of an ancient city which was called Pundranagara or Paundravardhanapura in the territory of Pundravardhana. A limestone slab bearing six lines in Prakrit in Brahmi script, discovered in 1931, dates Mahasthangarh to at least the 3rd century BC. The fortified area was in use till the 18th century AD.', '', 6),
(35, 'Adam Dighi', 'Adamdighi Upazila is an upazila of Bogra District in the Division of Rajshahi, Bangladesh. Adamdighi Thana was established in 1821 and was converted into an upazila in 1983. It is named after its administrative center, the town of Adamdighi. The name derives from Adam''s Dighi, which means Adam''s Tank. Adam was a great Muslim saint or dervish, known as Baba Adam.\r\nBaba Adam is very popular among the people of the locality, and commands as much respect from Hindus as from Muslims. Baba Adam is said to have been a contemporary of the famous Rani Bhabani (1716–1795) of Natore, who it is said, with her characteristics magnanimity had a tank dug at the place and dedicated it to the saintly fakir in honour of his supernatural powers. This tank, which is a large one, still bears the name of the fakir as Adamdighi or the Adam''s Tank.', '', 6),
(36, 'Saudia City Park', 'Saudia City Park is an amusement park located in Sherpur. The park is decorated beautifully and is located 7m on south of Sherpur Upazila.\r\n', '', 6),
(37, 'Baba Adam Mosque', 'Baba Adam’s Mosque is a Jami Mosque situated in the village of Kazi Qasba under Rikabibazar Union in Rampal thana of Munshiganj District in Bangladesh. It was built in 1483 A.D. The mosque was constructed as a Jami mosque by Malik Kafur. The grave of Saint Baba Adam Shahid stands near by the mosque. The mosque is named after Saint Baba Adam Shahid.\r\nThe mosque is the only surviving example in the ancient Hindu settlement of Rampal upazilla in Munshiganj district. It is named after locally famous Saint Baba Adam Shahid, who died in a holy war against a local Hindu Raja. The mosque was built in 888A.H/1483-84 A.d by Malik Kafur during the origin of Sultan Jalal al-din Fath Shah (Ahmed 1960:118). The grave of Saint Baba Adam Shahid stands near by the mosque. Baba Adam''s Mosque is now a protected monument under the Department of Archaeology, Bangladesh. It has been renovated and is in a comparatively good state of preservation.\r\nThis mosque with six bays and a rectangular plan (10.35*11.45 sq. m) is covered by six domes of identical height. The six domes are placed in two rows. The arches of the mosque belong to the pointed double-centre style. There are three attractive arches in the eastern façade of the mosque, and there are three mihrabs in the western wall straight opposite to the arches. Baba Adam mosque differs from the contemporary Gaudiya brick structures. There are moulding, shallow niches, and string courses in the outer wall.[5] All the entrances and mihrabs are recessed within rectangular frames. The south and north walls contain rectangular niches. The mosque does not have a minaret. On both sides of the central doorway there are two multi-cusped rectangular panels. The arches are supported on faceted small pillars and decorated with a beautiful terracotta floral design and a hanging motif.', '', 6),
(38, 'Panch Pir Dargah and Mosque', 'Panch Pir Dargah and a Mosque. Eminent historian, archeologist and professor emeritus Dr. Ahmed Dani in his book ''Dhaka-a record of changing fortunes'' published in 1956 referred about 5 masonry graves of panch pir (5 saints) most noted among them was (Boro) Badr Alam. Although it is not certain who the Panch-Pirs (five Holy men) were, they were venerated in parts of Bengal particularly among poor or lower class village folk who sought asylum under their protection. There is a Mosque close to it. Its located 500 feet east of the tomb of Sultan Ghiyasuddin Azam Shah and believed to be the earliest Muslim monument in Bangladesh.', '', 6),
(39, 'Santahar Silo', 'This is A Grain or Seed Storage named "Santahar Khaddayo Shashow Silo"', '', 6),
(40, 'Behula Lakshindar Basor Ghor', 'Behula is the protagonist in the Shiva Purana and the Manasamangal genre of Bengali medieval epics. A number of works belonging to this genre were written between the thirteenth and eighteenth centuries. Though the religious purpose of these works is to eulogise the Hindu goddess Manasa, these works are more well known for depicting the love story of Behula and her husband Lakhindar (or Lakshindar or Lakshmindara).', '', 6),
(41, 'Vasu Bihar', 'This important site is locally known as Narapatir Dhap. The excavation was started here in 1973-74 and was resumed in the consecutive two seasons. Consequently structural remains of two medium sized monasteries, a temple and a large number of antiquities have been discovered. Of the two monasteries comparatively smaller one measures 49 meter North-South and 46 meter East-West. The total number of monastic cells in this monastery arranged in four wings around an open square shaped courtyard is 26. The gateway complex lies in center of the western wing. The large on a similarly rough square plan like that of the smaller one. Dimension of this monastery is 56 meter North-South and 49 meter East-West. It has 30 monastic cells is it 4 wings. The impressive gateway complex is set in a north facade projecting outward in the middle of the southern wing. The north facing Sam-cruciform shrine stands not far from the monasteries. It measures 38 meter North-South and 27 meter East-West. The mandapa or assembly hall occupies the center of the shrine around which has terraced ambulatory passages. Among 800 cultural objects a large number of bronze votive images, innumerable terracotta sealing and terracotta plaques are of considerable interest. Other objects include ornamental bricks, semi-precious stone and terracotta beads, iron nails, oil lamps and a large number of complete and semi complete pots and shards. These objects present a fairly complete cross-section of life and culture of later period (10th-11th century AD.) of this site.', '', 6),
(42, 'Kherua Mosque in Sherpur', 'This is an old mosque situated in the village, Khandakartola, under Sherpur Upazila in the district of Bogra. Locally it is known as “Kherua mosjid” (Kherua mosque). The mosque had been built more than 400 years ago, in the year of 1582 A.D. by some Mirza Murad Khan Qaqshal, son of Jauhar Ali Khan Qaqshal. The Qaqshal was an Afghan tribe that, along with other Afgfhan groups who followed Masum Khan Kabuli, who declared himself as “Sultan” and sought to oust the Mughals from Bengal. At a time Sherpur, where the mosque has been situated, had served as the headquarters of the rebels.\r\nAccording to the Mughal architecture, their mosques consist of only a prayer hall, which is now single-aisled with three or five bays. The exterior surfaces are plastered and paneled, the cornices are straight, and the buildings look less ponderous than Sultanate ones because of the higher domes.\r\nThe Kherua mosque is a single-aisled, three domed (bayed) mosque which represents the North Indian and Mughol era architectures in Bangladesh. But it also carries the Bengali features, such as the brick construction, curved cornice and engaged ribbed corner turrets, the plan is whole divergence from that of traditional Bengali mosques.\r\nHowever, ironical fact is that, this mosque has been represented the symbolic type of the standard of Mughal and post-Mughal era in Bengal.', '', 6),
(43, 'Kantajew Temple', 'Kantanagar Temple, commonly known as Kantaji Temple or Kantajew Temple at Kantanagar, is a late-medieval Hindu temple in Dinajpur, Bangladesh. The Kantajew Temple is one of the most magnificent religious edifices belonging to the 18th century. The temple belongs to the popular Hindu Kanta or Krishna and this is most popular with the Radha-Krishna cult (assemble of memorable love) in Bengal. This beautiful temple is dedicated to Krishna and his wife Rukmini. Built by Maharaja Pran Nath, its construction started in 1704 CE and ended in the reign of his son Raja Ramnath 1722 CE, during the reign of his son Maharaja Ramnath. It boasts one of the greatest examples on terracotta architecture in Bangladesh and once had nine spires, but all were destroyed in an earthquake that took place in 1897.\r\nThe temple was built in a navaratna (nine-spired) style before the destruction caused by the earthquake of 1897. The characteristic features of the erections are the four centered and wide multi-cusped arches, the plastered surface of the walls having immense rectangular and square panelings, prominence of the central archway and the central mihirab by making the slightly larger and setting in a projected fronton in the outside directions, the use of ornamental turrets on the either side of the fronons, the semi-octagonal mirirab apertures,the archway opening under half-domes, the Persian muquarnas work in stucco inside the half-domes over the entrance arches and mihirab niches,the bulbous outline of the domes with constructed necks, domes on octagonal drums with lotus and kalasa finials as the crowning elements, the round pendentives to make up the phase of transition for the domes and the multi-faced corner towers rising high above the horizontal merloned parapets.', '', 7),
(44, 'Ramsagar National Park', 'Located in the Dinajpur District in the north-west of Bangladesh, the Ramsagar National Park spreads out over an area of about sixty square kilometers, with a vast man-made water reservoir as its focal point. The area around the Ramsagar Lake is a popular picnic spot for both locals and tourists, and the abundant flora and fauna in the area enhances the peaceful sensation of being close to nature.\r\nThe water reservoir was built between 1750 and 1755 to provide local inhabitants with safe drinking water. Its construction was initiated by Raja Ram Nath and some 1.5 million laborers worked on the project. The reservoir was named in his honor. The Parjatan Corporation, which manages many tourism projects in Bangladesh, has developed some visitor facilities around the lake, such as rest-rooms, picnic spots and kiosks to sell refreshments, as well as playgrounds for children to enjoy. Popular activities in the area include fishing, boating and hiking. There is not much in the line of indigenous forest in the Ramsagar National Park, but the Forest Department of Bangladesh have planted a variety of ornamental and fruit trees that have flourished and become lush forested areas.\r\nThe lake is populated by a variety of fish, as well as fresh water crocodiles, while animals that visitors are likely to see on land include Sambar Deer, Chital Deer, Wild Boar, Blue Bull, Sloth Bear and Hyena. Birding enthusiasts can look out for resident White-Breasted Water Hen, Jacanas, Moorhen, River Tern, Sand Piper, Ringed Plover and Grey and Purple Herons. Moreover, the lake is a stop-over for innumerable migratory water-fowl, making for a spectacular sight during migration season.\r\n', '', 7),
(45, 'Bolla Kali Temple', 'The village Bolla is situated 20 km away from Balurghat town on the Balurghat- Malda Highway. There is a famous Kali temple named after BOLLA Ma Kali. The story behind the temple says that a Zamindar was arrested by the British as he could not pay the tax for his Zamindari. Goddess Kali came to his rescue and the Zamindar was freed the very next day. As a token of gratitude, he built a temple of Goddess Kali and started worshipping her. ', '', 7),
(46, 'Puthia Temple Complex', 'The Puthia Temple Complex consists of a cluster of notable old Hindu temples in Puthia Upazila, Rajshahi District, Bangladesh. Located 23 km to the east of Rajshahi city, it has the largest number of historic temples in Bangladesh. temples were built by Hindu Zamindars Rajas of the Puthia Raj family who were noted philanthropists of Rajshahi. The temples have been built in terracotta in a variety of styles combining the typical Jor-bangla architecture with other influences. The Rajbari or Palace of the Raja of Puthia and the Dol Mancha are part of the complex. The temples are laid out around a lake with a sprawling lawn.\r\nThe Puthia Raj family was established by a holy man named Bhatsacharya, who lived in the 16th century. Raja Man Singh, governor of the Mughal emperor Akbar, confiscated the Jagir of the refractory pathan jagirdar of Rajshahi named Lashker Khan and bestowed the Zamindary on the saintly Bhatsacharya for his learning, but he declined. However, his son Pitambar was granted the Lashkarpur estate permanently. On his death, his son Nilambar received the title of Raja from Emperor Jahangir. The Puthia Royal Family estate was the second largest zamindary and the wealthiest in British Bengal. After India''s partition, the then Pakistani government abolished the zamindary system and confiscated all Hindu properties. The Royal Family migrated to India shortly afterwards.', '', 8),
(47, 'Varendra Research Museum', 'Varendra Museum is a museum, research center and popular visitor attraction located at the heart of Rajshahi town and maintained by Rajshahi University in Bangladesh. It is considered the oldest museum in Bangladesh. Varendra museum was the first museum to be established in East Bengal in 1910. The museum started out as the collection for Varendra Anushandan Samiti or Varendra Investigation Society got its current name in 1919. The Rajahs of Rajshahi and Natore, notably prince Sharat Kumar Ray, donated their personal collections to Varendra Museum. Varendra refers to an ancient janapada roughly corresponding to modern northern Bangladesh.\r\nIn the existing site, three main structures were found. The front part is the Varendra Research Museum and the structural system is load bearing brick wall. The linear rectangular building has two major functions, Administration and the Library. There is a Residential Block for Officer’s and Staff with limited number of curators and the Director himself. These structures have been constructed also with brick. There is a garden in front of the director''s residence. with large old trees scattered here and there among the entire site.\r\nSurrounding built form: North: Hatem Kha boro mosque. South: Chest disease hospital Jadhughor mor, Choto kutir, Boro kutir and Padma river East: Rajshahi Govt. Hospital, Shaheb bazar road and Rajshahi Railway Station West: Residential zone, shops.\r\nVarenda Research Museum was built in 1910 with the support of Maharaja of Dighapatia. The museum has historical significance and is also a heritage site of Bangladesh. The century-old museum demands restoration and the existing gallery space is not adequate to preserve and display all the artifacts. Also the Archaeological sites were found recently and the artifacts are increasing day by day. The restoration program of existing museum has already begun. With the rise in number of artifacts in its inventory throughout the recent years and its added functional demand, the extension of this project has become inevitable in order to protect the old museum and to preserve the artifacts that has helped us learn more about our very own past.', '', 8),
(48, 'Kuakata Beach', 'Kuakata is a town known for its panoramic sea beach. It is located in south-eastern Bangladesh, and is the number two tourist destination in the country. Kuakata beach is a sandy expanse 18 kilometres (11 mi) long and 3 kilometres (1.9 mi) wide. From the beach one can have an unobstructed view of both sunrise and sunset over the Bay of Bengal. Kuakata is located in Kalapara Upazila, Patuakhali District. It is about 320 kilometres (200 mi) south of Dhaka, the capital, and about 70 kilometres (43 mi) from the district headquarters.\r\nKuakata offers a full view of the sunrise and sunset from the same white sandy beach in the water of the Bay of Bengal. Locally known as Shagor Kannya (Daughter of ocean), the long strip of dark, marbled sand stretches for about 18 kilometres (11 mi). The long and wide beach at Kuakata has a typical natural setting. This sandy beach has gentle slopes into the Bay of Bengal. Kuakata is also a sanctuary for migratory winter birds.\r\nOn the eastern end of the beach is Gongamati Reserved Forest, an evergreen mangrove forest and snippet of the original Kuakata. When the Rakhines settled in the area in 1784, Kuakata was part of the larger Sundarbans forest. However, the Sundarbans is now at a distance of one-hour by speed boat. As a mangrove forest, Gongamati, like the Sundarbans, offers some protection against tidal surges, however it too is being threatened by logging and deforestation. The best way to reach the forest is by foot or bike along the beach, where a flock of flag flying fishing boats can be seen trawling the coast. Choosing to visit Gangamati in the late afternoon is a perfect time to watch the sun cast shadows on the abstract exposed mangrove roots.', '', 9),
(49, 'Lawachara National Park', 'Lawachara National Park is a major national park and nature reserve in Bangladesh. The park is located at Kamalganj Upazila, Maulvi Bazar District in the northeastern region of the country. It is located within the 2,740 ha (27.4 km2) West Bhanugach Reserved Forest.\r\nLawachara National Park covers approximately 1,250 ha (12.5 km2) of semi-evergreen forests of the Tropical and subtropical coniferous forests Biome and mixed deciduous forests of the Tropical and subtropical moist broadleaf forests Biome. The land was declared a national park by the Bangladesh government on July 7, 1996 under the Wildlife Act of 1974.\r\nLawachara is about 160 km (99 mi) northeast of Dhaka and 60 km (37 mi) from Sylhet. It is 8 kilometres (5.0 mi) from the town of Srimongal.\r\nThe terrain of Lawachara is undulating with scattered 10 to 50 m (33 to 164 ft) hillocks. Locally known as tila, the hillocks are primarily composed of Upper Tertiary soft sandstone. The park is crossed by numerous sandy-bedded streams (locally known as nallah), one of which is the Lawachara tributary, from which the park derived its name.[3] The soil of Lawachara is alluvial brown sandy clay loam to clay loam dating from the Pliocene epoch. Shallow depressions filled with water (haor wetlands) are also a feature of the region as the low-lying areas are often subject to flooding.\r\nThe climate of Lawachara is generally pleasant to warm, averaging at 26.8 °C (80.2 °F) in February to 36.1 °C (97.0 °F) in June. The humidity is high throughout the year, and Lawachara experiences frequent rains with occasional cyclonic storms.', '', 10);
INSERT INTO `site` (`S_ID`, `S_NAME`, `S_DESC`, `S_TRANS`, `D_ID`) VALUES
(50, 'Madhabkunda Waterfall', 'Madhabkunda waterfall is one of the largest waterfalls in Bangladesh. It is situated in Barlekha Upazila in Moulvibazar District, Sylhet Division. The waterfall is a popular tourist spot in Bangladesh. Big boulders, surrounding forest, and the adjoining streams attracts many tourists for picnic parties and day trips.\r\nIt is about 200 ft (61 m) high. It is about five km away from Dakshinbagh railway station on the Kulaura-Shabajpur track, and 350 km from Dhaka city.', 'Visitors can visit Madhabkunda either from Sylhet or Moulvibazar by road, or from Kulaura Junction by train. The journey to Madhabkunda itself is exotic. On the way visitors can see the greenish beauty of tea garden, the hills and the zigzag road through the hills. Rubber and lemon plantations form a beautiful landscape.', 10),
(51, 'Hakaluke Haor ', 'Hakaluke haor is the largest haor in Asia. Hakaluki Haor is situated in greater Sylhet division.It is one of Bangladesh''s biggest and one of Asia’s larger Haor.The haor is consist with Kulaura, Juri and Baralekha upazilla under Moulovibazar district and Fenchuganj and Gopalganj upazillas under Sylhet district.\r\nThe total area of this haor is about 39322.422 hectors or 97166 acres.But during the rainy season its total area turns into 7000 hectors.Hakaluki Haor was an Ecologically Critical Area designated by the Director General of the Department of Environment. This haor is a protected Ramsar site of international importance for the conservation and sustainable utilization of wetlands.\r\nThe Hakaluke haor offers a very different type of ecosystem.The haor hakaluki is home of many kind of fishes,birds and animal.There are 107 species of fishes available here,according to IUCN report in 2008.But 75 species remain present day.Some species are:Chela,Dhela,Pabda,Lal chanda etc.People of this area mainly fisher man.And they uses mainly Dhorma jal,Thela jal and vesal jal for fishing.\r\nHakaluke Haor also home of many country bird and migratory birds.Every winter, tens thousands of guest birds of about 150 species from Siberian and other cold country flock to the haors.The One hundred and fifty species include Bright and Rose King-duck, Pati-duck, Bali Hash, Lenja, Chity, Sorali, Boikal, Nilshir Piyan, Pantamukhi, Pankouri, Buti-duck, China, Rangamuri, Black-duck, Peributhi, Chokachoki, Giria, Khonjona, Patari, Dolpipi, Water-hen, North-Giria, Dahuk, Patibatan, Common-chill, Cotton-Chill, Gergini, Cottontail, Pintail, Toughed Duck.\r\nIts a best place for bird lovers.During the winter season huge number of bird swimming on water surface and flying over the haor area.Its really a mind blowing seen.\r\nIf you want to visit the Hakaluke Haor,winter season is the best time.There are very different experiences.During the rainy season it looks different.This time it takes juvenile and significance looks.Haors are flooded every year by the monsoon floods, and most hold some water completely the dry season. It looks like infinite water kingdom in rainy season.The tourist enjoys a good time fully artificial free life with nature. It completely refreshes your mind and body.\r\n', 'You''re traveling from Dhaka by bus services from Sayedabad Bus Terminal to Srimongal.Trains are available everyday from Kamalapur Railway station.Different categories of hotel are available in Maulvibazar town and srimongal for tourist.If you want,you can stay there and enjoy the beauty of Hakaluke Haor.', 10),
(52, 'Jaflong', 'Jaflong is a natural tourist spot in the Division of Sylhet, Bangladesh. It is located in Gowainghat Upazila of Sylhet District and situated at the border between Bangladesh and the Indian state of Meghalaya. It is just below the mountain range. Jaflong is famous for its stone collections and is home of the Khasi tribe. At rainy season it will looks like a haven of the earth.', '', 11),
(53, 'Ratargul Swamp Forest', 'Ratargul Swamp Forest is a freshwater swamp forest located in Gowainghat, Sylhet, Bangladesh. It is the only swamp forest located in Bangladesh and one of the few freshwater swamp forest in the world. The forest is naturally conserved under the Department of Forestry, Govt. of Bangladesh.\r\nThe evergreen forest is situated by the river Goain and linked with the cannel Chengir Khal. Most of the trees growing here are the Millettia pinnata. The forest goes under 20–30 feet water in the rainy season. Rest of the year the water level is about 10 feet deep.\r\nRatargul is about 26 kilometers from Sylhet. There is a 30,325 acres wetland in Sylhet range-2 under the forest department and in that wetland Ratargul swamp forest is about 504 acres. It is located in Gowainghat. After reaching Gowainghat, tourists reserve local engine boat namely "traller" to reach forest. There are two haors namely shimul bil haor and neoa bil haor in the south part of the forest.\r\nTourists mostly go to see the forest in monsoon. One needs to take permission from the forest office to visit the forest. A local boat needs to be hired to travel through the swamp forest.', '', 11),
(54, 'Bishnakandi', 'Bisnakandi is a village situated in Rustompur Union under Guainghat Upazilla. . Bisnakandi is actually a village of three thousand near this vista point.  This is where many layers of the Khasi mountain meet at a single point from both sides. Flowing from above is a high fall. Adding to its charm are dark clouds hugging the mountain in the rainy season..\r\nThe hills in India loomed unexpectedly through the clouds like distant sentinels. And flowing underneath towards Bholaganj is a branch of the Piyain. Along the stream flowing from high up in the mountain come huge boulders that are deposited and mined in Bisnakandi. Bangladesh ended where the hills started, but the view was breathtaking.\r\nOn a sunnier day it would have been a great place to frolic in the shallow water and play among the rocks .', '', 11),
(55, 'Keane Bridge', 'The Keane Bridge is a notable landmark of Sylhet city. It is called the gateway to Sylhet city. This iron bridge was built in the year 1936 over the river Surma and was named after the British governor of Assam of the time, Sir Micheal Keane (b.1874-d.1937). The bridge is 1150 feet lengths and 18 feet breadth. It is a steel truss bridge and such bridges are one of the oldest types of modern bridges.', '', 11),
(56, 'Madhabpur Lake', 'Madhabpur lake is situated at Madhabpur tea estate in Kamalgonj upozilla of Moulovibazar district of Sylhet,Bangladesh.The place is just 8 km away from vanugach.Vanugachh is just 13 km away from srimongol and 24 km away from Srimangal.So,those who visit Srimongol or Moulovibazar,can easily visit the place. The lake is a great place at winter season cause all the migratory birds from cold countries get together in this lake and the scene becomes awesome.The lake was initially made due to the irrigation of the tea garden.', '', 10),
(57, 'MAG Osmani Museum', 'In Nur Manzil, near the centre of town and east of Noya Sarok Rd, is the Osmani Museum . This small, colonial-era house is dedicated to General Osmani, a key figure in the Liberation War. As it’s one of the few tourist sights in town, you should visit, but be warned – it’s slightly less interesting than an algebra lesson. It contains such thrilling articles as a ‘chair’ (and that is exactly what it is).', '', 11),
(58, 'Shrine of Hazrat Shah Jalal(R)', 'The town of Sylhet is very popular with tourists, as it is located on the banks of the Surma River and is surrounded by breathtaking lush forests, abundant wildlife, fragrant fruit tree groves and endless tea plantations. It is a small piece of paradise in Bangladesh, hidden between the rolling green hills of Tripura, Jainitia and Khasi. It is the ideal location to escape to, to experience Bangladesh at its best. Over and above the picturesque wonder of the landscape and terraced gardens found in the town, there are many attractions for visitors to explore, and amongst the religious attractions, the Shrine of Hazrat Shah Jalal is probably the most sacred.\r\nThe Shrine of Hazrat Shah Jalal has become a place of pilgrimage for hundreds of devotees who come to the shrine in their droves from all over the country. It has been six hundred years since Hazrat Shah Jalal was laid to rest, but his memory and a love for him has been passed down from generation to generation, and he is as admired today as he was when he was still alive.\r\nThe exact date of birth and death of Hazrat Shah Jalal is unknown, however some believe that he was born in 1271 and others have suggested that he passed away in 1347. But what is known for certain is that Hazrat Shah Jalal was born Shaikh Makhdum Jalal ad-Deen bin Mohammed. He received his education in Mecca and memorized the Qur’an, making him a Hafiz. He also studied for thirty years to achieve spiritual perfection. It is said his respect for the Muslin religion led to him establishing and preaching Islam in Sylhetregion. He remained a bachelor for his entire life and had no dependants, devoting himself to religion and assisting others.', '', 11),
(59, 'Khadim Rainforest', 'Khadim Nagar National Park (Khadim Rainforest) is 10 kilometres away from Sylhet city on the Sylhet-Jaflong Highway past the Shrine of Shah Paran is Khadim Nagar Intersection. Khadim Nagar Rainforest comprising1,673 acres of hills and natural forest surrounded by six tea gardens — Choragang and Habibnagar on the East, Borjan and Kalagul on the West, Gulni on the North, and Khadimnagar on the South. Officially recognised as a national forest, Khadimnagar Rainforest operates with support from USAID.\r\nThe rainforest boasts of diverse flora and fauna. There are 217 species of plants and trees. Among the animals and birds are different species of bears, wild cats, apes, pythons, parakeets and doves.\r\n\r\nThe forest is quite popular with trekkers with a 45-minute trail and a two-hour one. There is a map of the trails in front of the local forest office.\r\nThe northward road from the rainforest leads to the Airport-Haripur Road, from where it is easy to go to Ratargul Swamp Forest. Anyone who intends to explore Sylhet in a day can use this road and visit tea gardens, rainforests as well as swamp forests on the way. ', '', 11),
(60, 'Humhum Waterfall', 'Hamham Waterfall is one of the famous waterfall in Bangladesh .It is situated inside the Rajkandi Forest and located at Komolganj, Moulvibazar district in Sylhet, is a place of amazing beauty, You cannot  imagine how beautiful is this  waterfall is in the northeastern part of the country. \r\nThe beauty of this waterfall lies in its surrounding features. Anybody visiting this place can enjoy the whole route to the fall, but the final climax is in the waterfall itself.\r\nYou can enjoy various types of landscapes while walking through the Rajkhandi Reserve Forest, discovering some small hillocks. After walking about 30 minutes, you will have to get down in a natural fountain locally called chhara or nala, where you will have to walk through water. The height of this water may vary from ankle to thigh level.\r\nOn the way to HamHam you may find people cutting bamboo in and around the fountain. Even if you don''t meet them on route, you will come across the sign of bamboo extraction around the fountain. Be careful while walking through those to avoid leg injuries.', '', 10),
(61, 'The Sunderbans', 'The Sundarbans is a natural region comprising southern Bangladesh and a small part in the Indian state of West Bengal. It is the largest single block of tidal halophytic mangrove forest in the world. The Sundarbans covers approximately 10,000 square kilometres (3,900 sq mi) most of which is in Bangladesh with the remainder in India. The Sundarbans is a UNESCO World Heritage Site.\r\nSundarbans South, East and West are three protected forests in Bangladesh. This region is densely covered by mangrove forests, and is the largest reserves for the Bengal tiger. The Sundarbans National Park is a National Park, Tiger Reserve, and a Biosphere Reserve located in the Sundarbans delta in the Indian state of West Bengal.\r\nThe Sundarbans freshwater swamp forests are a tropical moist broadleaf forest ecoregion of Bangladesh. It represents the brackish swamp forests that lie behind the Sundarbans Mangroves, where the salinity is more pronounced. The freshwater ecoregion is an area where the water is only slightly brackish and becomes quite fresh during the rainy season, when the freshwater plumes from the Ganges and the Brahmaputra rivers push the intruding salt water out and bring a deposit of silt. It covers 14,600 square kilometres (5,600 sq mi) of the vast Ganges-Brahmaputra Delta, extending from the northern part of Khulna District and finishing at the mouth of the Bay of Bengal with scattered portions extending into India''s West Bengal state. The Sundarbans freshwater swamp forests lie between the upland Lower Gangetic plains moist deciduous forests and the brackish-water Sundarbans mangroves bordering the Bay of Bengal.\r\nThe Sundarbans Mangroves ecoregion on the coast forms the seaward fringe of the delta and is the world''s largest mangrove ecosystem, with 20,400 square kilometres (7,900 sq mi) of area covered. The dominant mangrove species Heritiera fomes is locally known as sundri or sundari. Mangrove forests are not home to a great variety of plants. They have a thick canopy, and the undergrowth is mostly seedlings of the mangrove trees. Besides the sundari, other species that make up the forest include Avicennia spp., Xylocarpus mekongensis, Xylocarpus granatum, Sonneratia apetala, Bruguiera gymnorrhiza, Ceriops decandra, Aegiceras corniculatum, Rhizophora mucronata, and Nypa fruticans palms.', 'Water transport is the only means of communication for visiting the Sundarbans from Khulna or Mongla Port. Private motor launch, speedboats, country boats as well as mechanized vessel of Mongla Port Authority might be hired for the purpose. From Dhaka visitors may travel by air, road or rocket steamer to Khulna - the gateway to the Sundarbans. You can start journey from Dhaka to Khulna by road or by river. The quickest mode is by air from Dhaka to Jessore and then to Khulna by road.', 12),
(62, 'Sixty Dome Mosque', 'The Sixty Dome Mosque (more commonly known as Shait Gambuj Mosque or Saith Gunbad Masjid),a UNESCO World Heritage Site, is a mosque in Bangladesh, the largest in that country from the Sultanate period. It has been described as "the most impressive Muslim monuments in the whole of the Indian subcontinent."\r\nIn mid-15th century, a Muslim colony was founded in the unfriendly mangrove forest of the Sundarbans near the coastline in the Bagerhat district by an obscure saint-General, named Khan Jahan Ali. He preached in an affluent city during the reign of Sultan Nasiruddin Mahmud Shah, then known as ''Khalifalabad''. Khan Jahan adorned this city with more than a dozen mosques, the spectacular ruins of which are focused around the most imposing and largest multidomed mosques in Bangladesh, known as the Shait-Gumbad Masjid (160''×108''). The construction of the mosque was started in 1442 and it was completed in 1459.The mosque was used for prayer purposes. It was also used as a madrasha and assembly hall.\r\nThe ''Sixty Dome'' Mosque has walls of unusually thick, tapered brick in the Tughlaq style and a hut-shaped roofline that anticipates later styles. The length of the mosque is 160 feet and width is 108 feet. There are 77 low domes arranged in seven rows of eleven, and one dome on each corner, bringing the total to 81 domes. There are four towers. Two of four towers were used to call azaan. The interior is divided into many aisles and bays by slender columns, which culminate in numerous arches that support the roof.\r\n\r\nThe mosque has 77 squat domes with 7 four-sided pitched Bengali domes in the middle row.The vast prayer hall, although provided with 11 arched doorways on east and 7 each on north and south for ventilation and light, presents a dark and somber appearance inside. It is divided into 7 longitudinal aisles and 11 deep bays by a forest of 60 slender stone columns, from which springs rows of endless arches, supporting the domes. Six feet thick, slightly tapering walls and hollow and round, almost detached corner towers, resembling the bastions of fortress, each capped by small rounded cupolas, recall the Tughlaq architecture of Delhi.The mosque represents wonderful archeological beauty which was the signature in the 15th century.', '', 13),
(63, 'Port of Mongla', 'Mongla is the main sea port in the Bagerhat District of south-western Bangladesh. It was formerly located at Chalna, about 11 miles (18 km) upstream on the Pusur River, but it is now located 48 km south of Khulna city, as established in 1954. The port is situated at the confluence of the Pashur River and the Mongla River.\r\nIt lies about 62 miles (100 km) north of the Bay of Bengal and is connected to the major inland river ports and to the rail terminal at Khulna. It is very near to Sundarbans. Kolkata (formerly Calcutta) and Haldia in India and Mongla and Chittagong in Bangladesh are the principal seaports on the World''s largest Ganges delta.', '', 13),
(64, 'Kaptai Lake', 'Kaptai Lake is the largest man made lake in Bangladesh. It is located in the Kaptai Upazila under Rangamati District of Chittagong Division. The lake was created as a result of building the Kaptai Dam on the Karnaphuli River, as part of the Karnaphuli Hydro-electric project. The Kaptai Lake''s average depth is 100 feet (30 m) and maximum depth is 490 feet (150 m).\r\nConstruction of the reservoir for the hydro-electric plant began in 1956 by the Government of East Pakistan. As a result, 54,000 acres (220 km2) of farmland in the Rangamati District went under water and created the lake.\r\nThe hydro-electric project was funded by the United States. The project was finished in 1962. International Engineering Company and Utah International Inc. received the contract for construction of the dam. The dam is 670.8 meters long, and 54.7 meters high. The dam has a 745 feet (227 m) long spillway containing 16 gates. Through the spillway 5,250,000 cu ft/s (149,000 m3/s) of water can pass.\r\nThe land that went under water as a result of the dam construction, was 40% of the total arable land in the area. Along with that, 29 square miles (75 km2) of the Government-owned forest, and 234 square miles (610 km2) of other forest land went under water. About 18,000 families with a total of almost 100 thousand people were also displaced. The palace of the king of the Chakmas was also flooded and is now under water.', '', 14),
(65, 'Shuvolong Waterfalls', 'Shuvolong a place in Borokol sub district, located about 25kilometers (11kilometers – as the crow flies) away from Rangamati. There are few waterfalls in Shuvolong area with the largest one falling from as high as 300 feet. In the past several years, this place has turned into a tourist destination due to beautiful waterfalls and the nearby market. Shuvolong is easily accessible by speed boat or motor boats from Rangamati.\r\n ', '', 14),
(66, 'Tribal Museum', 'The museum is located near the entry point to the city. Established in 1978, it is run by the Tribal Cultural Institute. Traditional ornaments. costumes, potteries, musical instruments, armaments, paintings and photographs, old manuscripts, statues and ancient coins of various tribes are on display here. It is open Saturday to Thursday excluding public holidays.', '', 14),
(67, 'Hanging Bridge', 'This 335feet long bridge across a portion of the Kaptai lake is an icon of Rangamati.', '', 14),
(68, 'Kaptai National Park', 'There are many Attractive Place in Rangamati. The Kaptai National Park is one of them. The Kaptai National Park is situated in the Rangamati Hill District, which falls between the Karnaphuly and Kaptai Mountain Ranges. The area is managed by the Chittagong Hill Tracts Southern Forestry Division and cover’s an area of some 5464 hectares. Kaptai National Park was established in 1999 and its area is 5,464.78 hectares(13,498.0 Acres). Prior to declaration of the national park it was Sitapahar Reserve. The original Sitapahar Reserve area was 14,448.0 acres.Out of this an area of 100 acres have been dereserved for the establishment of the industrial estate at Kaptai.It is about 57 kilometer from Chittagong city. It comprises with two Ranges namely Kaptai Range and Karnaphuli Range.Kaptai National park is being managed under CHT South Forest Division. It is historically important because of first time Teak(Tectona grandis) plantation in Bangladesh was started from this area. Its forest type is mixed evergreen forest.In 2009 IPAC(Integrated Protected Area Co-management) project started its activities in this protected area. Nevertheless it is an absolutely amazing natural area that has to be experienced to be truly appreciated. This is where rolling green hills greet the dramatic blue azure of the Kaptai Lake in a vibrant juxtaposition of color. Numerous natural springs each add their own special appeal to the park while wildlife amaze the public as they scuttle about on their daily activities. The tropical rain forest that is found on the banks of the Karnaphuly River is another amazing feature of this lovely park. You can find plenty of old tree which were planted in 1873! This colossal plants and wild life of Kaptai National Park mystify the whole nature. There are a huge collection of plants in Kaptai National Park. You may feel a little bit nostalgic about your past in green village to the huge greenery of Kaptai National Park. In Kaptai National Park, there is a number of wild life like- Deer, elephant, Jungle cat, Monkey etc. Many species of Birds may also a matter of interest for the tourists and bird’s lovers. Kaptai National Park is a safe and sanctuary for birds and other wild life. Forest division founded picnic spot, restaurants in this Park. So, it will be a fascinating experience for you to visit Kaptai National Park. It is very beautiful place for Travel in Rangamati. If you want know more details about Kaptai National Park, You can visit http://www.rangamati.bandarbantours.com. It is a excellent site for Kaptai National Park and Rangamati Tour also.', '', 14),
(69, 'Rajban Bihar Pagoda', 'That is surely can say any one Bangladesh is one of the most beautiful country in south asia. There are lots of tourist placr in Bangladesh. Rangamati district is one of them. Rangamati district is the part of Chittagong Division. It is the largest district of Bangladesh. Rangamati district has lots of beautiful tourist spot and many Hill. Rangamati is a well-known tourist spot in Bangladesh. There are many tourist place in Rangamati. Rajban Bihar Pagoda is one of them. It is a extremely superlative tourist spot in particular for the Buddhist. It look like as a golden temple.It surroundings is breathtaking and pull towards you all and sundry. Rajban Vihara called the telepathist principal monk. Any person will choose to lives here. An globally known Buddhist Temple, where the telepathist principal monk of Rajban Vihara, Shrimath Sadhana Nanda Mohasthabir (Ban Vante) lives.', '', 14),
(70, 'Peda Ting Ting Island', 'A small island on the Kaptai Lake, few kilometres away from Rangamati. It is mostly known for its serenity. There are a few tourist accommodation facilities here and a tiny restaurant run by the locals. It offers foods ranging from traditional to indigenous delicacies.', '', 14),
(71, 'Chakma Royal Palace', 'This is the palace of the present Chakma King. However, it is open to public for a visit.', '', 14),
(72, 'Foy''s Lake', 'Foy''s Lake is a man-made lake in Chittagong, Bangladesh. It was created in 1924 by constructing a dam across the stream that came down from the hills in the northern part of Chittagong. The purpose of creating an artificial lake was to provide water to the residence of railway colony. It was named after Mr Foy who was a Railway engineer and believed to materialized the project. Pahartali was basically a railway town with workshop, yard and shed. A good number of railway employees lives there. Presently, a carriage workshop, diesel workshop, loco shed, laboratory, stores, electric workshop, school (established in 1924) are located.\r\nThe area belongs to Railway. However, an amusement park, managed by the Concord group, is located here.', '', 15),
(73, 'Patenga Beach', 'Patenga is a sea beach located 14 kilometres south of the port city of Chittagong, Bangladesh. It is near the mouth of the Karnaphuli River.\r\nPatenga is a popular tourist spot. The beach is very close to the Bangladesh Naval Academy of the Bangladesh Navy and Shah Amanat International Airport. Its width is narrow and swimming in the seas is not recommended. Part of the seashore is built-up with concrete walls, and large blocks of stones have been laid to prevent erosion. During the 1990s, a host of restaurants and kiosks sprouted out around the beach area. Lighting of the area has enhanced the security aspect of visiting at night.\r\nNowadays, alcohol peddling is very common at the beach. Vendors from the city sell their ice creams, cold drinks and food to the hundreds of tourists who come to Patenga Beach. According to the local people, Patenga is the best place for delicious, mouth-watering street food at very low costs. One of the popular dishes of the food stands is the fried, spicy mud crab served with a small plate full of falafel, garnished with cucumber and onion. The beach has a wonderful cool atmosphere even at the evening, and people come to enjoy the soothing breeze. The beach is lined with massive shady palm trees and fishing boats. It also has an array of speed boats for visitors. The beach, however, is quite sandy, with a few rocky patches.\r\nMost visitors come to Patenga Beach as it is known for having some of the most stunning sunsets and sunrises in Bangladesh.\r\n\r\n', '', 15),
(74, 'Neval Beach', 'Neval beach is an option to enjoy and the interesting thing is crab preparations can bE enjoyed there with great taste and affordable price.', '', 15),
(75, 'Karnaphuli River', 'Karnaphuli, the largest and most important river in Chittagong and the Chittagong Hill Tracts, is a 667-metre (2,188 ft) wide river in the south-eastern part of Bangladesh. Originating from the Lushai hills in Mizoram, India, it flows 270 kilometres (170 mi) southwest through Chittagong Hill Tracts and Chittagong into the Bay of Bengal. A large hydroelectric power plant using Karnaphuli river was built in the Kaptai region during the 1960s. The mouth of the river hosts Chittagong''s sea port, the main port of Bangladesh.', '', 15),
(76, 'Zia Memorial Museum', 'One of the most remembered war heroes and politicians in the history of Bangladesh is Lieutenant General Ziaur Rahman. Born on 19 January 1936, Zia went on to establish the Bangladesh Nationalist Party and became the President of Bangladesh on 21 April 1977. Tragedy struck the country when Ziaur Rahman was assassinated in 1981. In honor of this revered man, the Zia Memorial Museum was established to keep his memory and contributions to Bangladesh alive. The Zia Memorial Museum is more than just a journey through the life of the late President Rahman, it is also a significant architectural piece of history.\r\nThe building that now houses the Zia Memorial Museum was previously known as the Old Circuit House. It was constructed on a hill in the city of Chittagong in the year 1913, and is a wonderful building that boasts unique South East Asian features. Used as a palatial structure as living quarters for government officials, the building was later renovated into a museum, opening its doors in 1993. Visitors to the museum will find a wide variety of memorabilia and art that totals over seven hundred exhibits.\r\nZia Memorial Museum consists of twelve galleries, of which all of them are dedicated to the memory of President Ziaur Rahman. Items found in these galleries include portraits of the president, the actual microphone and transmitter over which the president delivered his Declaration of Independence speech, the table and chair from where he ruled the country, personal effects, documents, souvenirs and gifts he received during his reign from diplomats and officials. In the last gallery visitors will be able to view a reconstruction of his untimely death. The museum has also been fitted with a breathtaking library and a conference room that is equipped with the latest technology for use in presentations and meetings. As the president was murdered in this building, the museum has become an extraordinary monument to his life. Visitors will find the Zia Memorial Museum to be a spectacular attraction in Chittagong, which not only retraces the life of this unforgettable leader, but the colorful history of Bangladesh.', '', 15),
(77, 'Vatiary Lake', 'Travelers seeking quintessential views of the Bay of Bengal will find them at Vatiary Lake. Located just outside Chittagong City, this incredible body of water is home to some the area’s best fishing—as well as some of its best views. Intrepid visitors can wander up to the much­-storied Sunset Point and settle in for epic views of golden rays dipping down below the horizon. Organized boat trips, fishing lessons and well­-worn winding roads perfect for biking make this a destination for nature lovers.\r\n', 'Visitors can travel to the lake via a ferry from Sadarghat, a cycle-rickshaw or a local taxi.', 15),
(78, 'Shrine of Bayazid Bostami', 'The Shrine of Bayazid Bastami is a shrine in Chittagong, Bangladesh. Bayazid Bostami was a famous Persian Sufi born in Bostam, Iran. Its shrine area as a complex consists of a tomb surrounded by a brick structure along with an old mosque and a large pond. There is no significant historical evidence about Bostami’s visit and tomb in this area. The whole complex is located on a hillock of Nasirabad, considered to be a holy place and attracts a large number of visitors and pilgrims daily.\r\nThe tomb and the sarcophagus its houses were originally discovered in 1831, and at the time were enclosed by a wall with protective pillars, that have since been replaced by a more modern structure. At the foot of the tomb hill, there is an ancient three-domed mosque, which is believed to date from the time of the Mughal emperor, Aurangzeb (1658–1707). The interior of the mosque is sparsely decorated, while the mihrab on the qibla wall (indicating the direction of Mecca) has an identical projection on its opposite side.', '', 15),
(79, 'Dulhazra Safari Park', 'Dulahazara Safari Park was developed on an undulating landscape of around 2,224 acres (9.00 km2) of area at Chakaria Upazila in Cox''s Bazar District, Bangladesh, some 107 km away from the port city, Chittagong, with an objective to create facilities for eco-tourism, research work and entertainment as well as from conserving wild animals in a natural environment.\r\nDulahazara Safari Park is home to at least 4,000 animals of 165 species. After the new government took over in January 2007, joint forces rescued many of these new residents of the park during their drives at houses and establishments owned by graft suspects. Many individuals also donated some of the animals to the park during this period. The seized and donated animals recently sent to the park include 90 spotted deer, 42 barking deer, three sambar deer, one freshwater crocodile, one saltwater crocodile, nine black bears, four pythons, 17 peacocks, 19 Turkish pheasants and two emus.\r\nAnother source of animals is the Dhaka Zoo. The animal population in Dhaka zoo has increased over the years due to their breeding, and the Dhaka zoo donated a number of lions and tigers to the Dulahazara Safari Park.\r\nThe park itself protects a large number of wild elephants which are native to the area. In the safari park there are domesticated elephants which are available for a ride. Other animal attractions include lions, Bengal tigers, crocodiles, bears, spotted deer and many types of birds and monkeys.\r\nSince the park was opened to the public, it has been drawing a huge crowd all year round — 6,000 visitors daily during peak season (November to March) and 2,000 visitors daily during off season (April to October).', '', 15),
(80, 'Ethnological Museum', 'The Ethnological Museum of Chittagong  is the only ethnological museum in Bangladesh and is located in Agrabad, Chittagong. The Museum contains displays featuring the history of Bangladesh''s tribal people.\r\nThe Ethnological Museum was established in 1965 and the museum opened to the public in 1974. Two rooms were added to the museum during 1985-1995. In 1996, a gallery with folk articles of Bengali-speaking people was added.', '', 15),
(81, 'Chittagong Commonwealth War Cemetry', 'The Chittagong Commonwealth War Cemetery is a Commonwealth War Graves Commission cemetery in Chittagong, Bangladesh.\r\nThis cemetery was established to show the honor for the soldiers and others who died in World War II. The cemetery was created by the British Army, and there were originally about 400 burials. Graves have since been transferred to this cemetery from the Lushai Hills (Assam) and other isolated sites, and from Chittagong Civil Cemetery; Chandragona Baptist Mission Cemetery; Chiringa Military Cemetery; Cox''s Bazar New Military and Civil (Muhammadan) Cemeteries; Chittagong (Panchalaish) Burial Ground; Dacca Military Cemetery; Demagiri Cemetery; Dhuapolong Muslim Burial Ground; Dhuapolong Christian Military Cemetery; Dohazari Military and R.A.F. Cemeteries; Jessore Protestant Cemetery; Khulna Cemetery; Khurushkul Island Christian and Muhammadan Cemeteries; Lungleh Cemetery (Assam); Nawapara Cemetery (Assam); Patiya Military Cemetery, Rangamati Cemetery; Tejgaon Roman Catholic Cemetery; Tumru Ghat Military Cemetery and Tumru M.D.S. Hospital Cemetery.\r\nThere are now 731 Commonwealth burials of the 1939-45 war here, 17 of which are unidentified.\r\nThere are a further 20 foreign national burials, 1 being a seaman of the Dutch Navy and 19 Japanese soldiers, 1 of which is unidentified. There are also 4 non-war U.K. military burials.', 'Commonwealth War Cemetery Chittagong is in Dampara locality, No 19 Badsha Mia Road, 22 kilometers north of the airport and 8 kilometers from the port on a site which was formerly paddy fields, but which has now been developed.\r\nIt is near the arts college and close by Finlay''s Guest Houses near Chatteshanry Road; a well known road leading to the Hindu Kali Bari Temple.', 15);

-- --------------------------------------------------------

--
-- Table structure for table `transport`
--

CREATE TABLE `transport` (
  `SRC_ID` int(11) NOT NULL,
  `DEST_ID` int(11) NOT NULL,
  `TYPE` int(11) NOT NULL,
  `COST_TRANS` int(11) NOT NULL,
  `SEQ_ID` int(11) NOT NULL
) ENGINE=InnoDB DEFAULT CHARSET=latin1;

--
-- Indexes for dumped tables
--

--
-- Indexes for table `distance`
--
ALTER TABLE `distance`
  ADD PRIMARY KEY (`SEQ_ID`);

--
-- Indexes for table `district`
--
ALTER TABLE `district`
  ADD PRIMARY KEY (`D_ID`);

--
-- Indexes for table `feedback`
--
ALTER TABLE `feedback`
  ADD PRIMARY KEY (`F_ID`);

--
-- Indexes for table `hotel`
--
ALTER TABLE `hotel`
  ADD PRIMARY KEY (`H_ID`),
  ADD KEY `D_ID` (`D_ID`);

--
-- Indexes for table `image`
--
ALTER TABLE `image`
  ADD PRIMARY KEY (`I_ID`),
  ADD KEY `D_ID` (`D_ID`);

--
-- Indexes for table `image_site`
--
ALTER TABLE `image_site`
  ADD PRIMARY KEY (`SI_ID`),
  ADD KEY `S_ID` (`S_ID`);

--
-- Indexes for table `ratings`
--
ALTER TABLE `ratings`
  ADD PRIMARY KEY (`R_ID`);

--
-- Indexes for table `site`
--
ALTER TABLE `site`
  ADD PRIMARY KEY (`S_ID`),
  ADD KEY `D_ID` (`D_ID`);

--
-- Indexes for table `transport`
--
ALTER TABLE `transport`
  ADD PRIMARY KEY (`SRC_ID`,`DEST_ID`,`TYPE`),
  ADD KEY `SEQ_ID` (`SEQ_ID`);

--
-- Constraints for dumped tables
--

--
-- Constraints for table `hotel`
--
ALTER TABLE `hotel`
  ADD CONSTRAINT `hotel_ibfk_1` FOREIGN KEY (`D_ID`) REFERENCES `district` (`D_ID`) ON DELETE CASCADE ON UPDATE CASCADE;

--
-- Constraints for table `image`
--
ALTER TABLE `image`
  ADD CONSTRAINT `image_ibfk_1` FOREIGN KEY (`D_ID`) REFERENCES `district` (`D_ID`) ON DELETE CASCADE ON UPDATE CASCADE;

--
-- Constraints for table `image_site`
--
ALTER TABLE `image_site`
  ADD CONSTRAINT `image_site_ibfk_1` FOREIGN KEY (`S_ID`) REFERENCES `site` (`S_ID`) ON DELETE CASCADE ON UPDATE CASCADE;

--
-- Constraints for table `site`
--
ALTER TABLE `site`
  ADD CONSTRAINT `site_ibfk_1` FOREIGN KEY (`D_ID`) REFERENCES `district` (`D_ID`) ON DELETE CASCADE ON UPDATE CASCADE;

--
-- Constraints for table `transport`
--
ALTER TABLE `transport`
  ADD CONSTRAINT `transport_ibfk_1` FOREIGN KEY (`SEQ_ID`) REFERENCES `distance` (`SEQ_ID`) ON DELETE CASCADE ON UPDATE CASCADE;

/*!40101 SET CHARACTER_SET_CLIENT=@OLD_CHARACTER_SET_CLIENT */;
/*!40101 SET CHARACTER_SET_RESULTS=@OLD_CHARACTER_SET_RESULTS */;
/*!40101 SET COLLATION_CONNECTION=@OLD_COLLATION_CONNECTION */;
